pdb_id,chains_target_orig,chains_binder_orig,cleaned_pdb,len_target,len_binder,seq_target,seq_binder,hash_target,hash_binder,msa_target,msa_binder,dg_exp,kd_nm,dg_source,ba_val_prodigy,functional_class,irmsd,stratum_iRMSD15_22,bsa,bm_version_introduced
1DQJ,AB,C,benchmarks/downloads/vreven_bm55/cleaned/1DQJ_AB.pdb,424,129,DIVLTQSPATLSVTPGDSVSLSCRASQSISNNLHWYQQKSHESPRLLIKYASQSISGIPSRFSGSGSGTDFTLSINSVETEDFGMYFCQQSNSWPYTFGGGTKLEIKRADAAPTVSIFPPSSEQLTSGGASVVCFLNNFYPKDINVKWKIDGSERQNGVLNSWTDQDSKDSTYSMSSTLTLTKDEYERHNSYTCEATHKTSTSPIVKSFNRNECEVQLQESGPSLVKPSQTLSLTCSVTGDSVTSDYWSWIRKFPGNKLEYMGYISYSGSTYYHPSLKSRISITRDTSKNQYYLQLNSVTTEDTATYYCASWGGDVWGAGTTVTVSSAKTTAPSVYPLAPVCGDTTGSSVTLGCLVKGYFPEPVTLTWNSGSLSSGVHTFPAVLQSDLYTLSSSVTVTSSTWPSQSITCNVAHPASSTKVDKKI,KVFGRCELAAAMKRHGLDNYRGYSLGNWVCAAKFESNFNTQATNRNTDGSTDYGILQINSRWWCNDGRTPGSRNLCNIPCSALLSSDITASVNCAKKIVSDGNGMNAWVAWRNRCKGTDVQAWIRGCRL,07f187ec81d40202,eaf1f8d7f5bf78bb,,,-11.7,,Kastritis81,,AA,0.75,rigid,1765.0,2.0
1E6J,HL,P,benchmarks/downloads/vreven_bm55/cleaned/1E6J_AB.pdb,429,210,EIVLTQSPAITAASLGQKVTITCSASSSVSYMHWYQQKSGTSPKPWIYEISKLASGVPARFSGSGSGTSYSLTISSMEAEDAAIYYCQQWNYPFTFGSGTKLEIKRADAAPTVSIFPPSSEQLTSGGASVVCFLNNFYPKDINVKWKIDGSERQNGVLNSWTDQDSKDSTYSMSSTLTLTKDEYERHNSYTCEATHKTSTSPIVKSFNRNEVQLQQSGAELARPGASVKMSCKASGYTFTSYTMHWVKQRPGQGLEWIGYINPSSGYSNYNQKFKDKATLTADKSSSTAYMQLSSLTSEDSAVYYCSRPVVRLGYNFDYWGQGSTLTVSSAKTTPPSVYPLAPGSAAQTNSMVTLGCLVKGYFPEPVTVTWNSGSLSSGVHTFPAVLQSDLYTLSSSVTVPSSTWPSETVTCNVAHPASSTKVDKKIVP,VHQAISPRTLNAWVKVVEEKAFSPEVIPMFSALSEGATPQDLNTMLNTVGGHQAAMQMLKETINEEAAEWDRVHPVHAGPIAPGQMREPRGSDIAGTTSTLQEQIGWMTNNPPIPVGEIYKRWIILGLNKIVRMYSPTSILDIRQGPKEPFRDYVDRFYKTLRAEQASQEVKNWMTETLLVQNANPDCKTILKALGPAATLEEMMTACQG,0c6aa1122a3855b1,472b24eec9fc4c14,,,-10.3,,Kastritis81,,AA,1.05,rigid,1245.0,2.0
1JPS,HL,T,benchmarks/downloads/vreven_bm55/cleaned/1JPS_AB.pdb,426,200,DIQMTQSPSSLSASVGDRVTITCRASRDIKSYLNWYQQKPGKAPKVLIYYATSLAEGVPSRFSGSGSGTDYTLTISSLQPEDFATYYCLQHGESPWTFGQGTKVEIKRTVAAPSVFIFPPSDEQLKSGTASVVCLLNNFYPREAKVQWKVDNALQSGNSQESVTEQDSKDSTYSLSSTLTLSKADYEKHKVYACEVTHQGLSSPVTKSFNRGEEVQLVESGGGLVQPGGSLRLSCAASGFNIKEYYMHWVRQAPGKGLEWVGLIDPEQGNTIYDPKFQDRATISADNSKNTAYLQMNSLRAEDTAVYYCARDTAAYFDYWGQGTLVTVSSASTKGPSVFPLAPSSGGTAALGCLVKDYFPEPVTVSWNSGALTSGVHTFPAVLQSSGLYSLSSVVTVPSSSLGTQTYICNVNHKPSNTKVDKKVEP,NTVAAYNLTWKSTNFKTILEWEPKPVNQVYTVQISTKSGDWKSKCFYTTDTECDLTDEIVKDVKQTYLARVFSYPAGNVEPLYENSPEFTPYLETNLGQPTIQSFEQVGTKVNVTVEDERTLVRRNNTFLSLRDVFGKDLIYTLYYWKSSSSGKKTAKTNTNEFLIDVDKGENYCFSVQAVIPSRTVNRKSTDSPVECMG,712c16c7f423cd3b,af664c3b06038d8d,,,-13.6,,Kastritis81,,AA,0.51,rigid,1852.0,2.0
1MLC,AB,E,benchmarks/downloads/vreven_bm55/cleaned/1MLC_AB.pdb,432,129,DIELTQSPATLSVTPGDSVSLSCRASQSISNNLHWYQQKSHESPRLLIKYVSQSSSGIPSRFSGSGSGTDFTLSINSVETEDFGMYFCQQSNSWPRTFGGGTKLEIKRADAAPTVSIFPPSSEQLTSGGASVVCFLNNFYPKDINVKWKIDGSERQNGVLNSWTDQDSKDSTYSMSSTLTLTKDEYERHNSYTCEATHKTSTSPIVKSFNRNECQVQLQESGAEVMKPGASVKISCKATGYTFSTYWIEWVKQRPGHGLEWIGEILPGSGSTYYNEKFKGKATFTADTSSNTAYMQLSSLTSEDSAVYYCARGDGNYGYWGQGTTLTVSSASTTPPSVFPLAPGSAAQTNSMVTLGCLVKGYFPEPVTVTWNSGSLSSGVHTFPAVLQSDLYTLSSSVTVPSSPRPSETVTCNVAHPASSTKVDKKIVPRDC,KVFGRCELAAAMKRHGLDNYRGYSLGNWVCAAKFESNFNTQATNRNTDGSTDYGILQINSRWWCNDGRTPGSRNLCNIPCSALLSSDITASVNCAKKIVSDGNGMNAWVAWRNRCKGTDVQAWIRGCRL,f370113a7d5c2039,eaf1f8d7f5bf78bb,,,-9.6,,Kastritis81,,AA,0.6,rigid,1392.0,2.0
1S78,DC,A,benchmarks/downloads/vreven_bm55/cleaned/1S78_AB.pdb,436,555,EVQLVESGGGLVQPGGSLRLSCAASGFTFTDYTMDWVRQAPGKGLEWVADVNPNSGGSIYNQRFKGRFTLSVDRSKNTLYLQMNSLRAEDTAVYYCARNLGPSFYFDYWGQGTLVTVSSASTKGPSVFPLAPSSKSTSGGTAALGCLVKDYFPEPVTVSWNSGALTSGVHTFPAVLQSSGLYSLSSVVTVPSSSLGTQTYICNVNHKPSNTKVDKKVEPKSCDIQMTQSPSSLSASVGDRVTITCKASQDVSIGVAWYQQKPGKAPKLLIYSASYRYTGVPSRFSGSGSGTDFTLTISSLQPEDFATYYCQQYYIYPYTFGQGTKVEIKRTVAAPSVFIFPPSDEQLKSGTASVVCLLNNFYPREAKVQWKVDNALQSGNSQESVTEQDSKDSTYSLSSTLTLSKADYEKHKVYACEVTHQGLSSPVTKSFNRGEC,TQVCTGTDMKLRLPASPETHLDMLRHLYQGCQVVQGNLELTYLPTNASLSFLQDIQEVQGYVLIAHNQVRQVPLQRLRIVRGTQLFEDNYALAVLDNGDPLSPGGLRELQLRSLTEILKGGVLIQRNPQLCYQDTILWKDIFHKNNQLALTLIDTNRSRACHPCSPMCKGSRCWGESSEDCQSLTRTVCAGGCARCKGPLPTDCCHEQCAAGCTGPKHSDCLACLHFNHSGICELHCPALVTYNTDTFESMPNPEGRYTFGASCVTACPYNYLSTDVGSCTLVCPLHNQEVTAEDGTQRCEKCSKPCARVCYGLGMEHLREVRAVTSANIQEFAGCKKIFGSLAFLPESFDGDPASNTAPLQPEQLQVFETLEEITGYLYISAWPDSLPDLSVFQNLQVIRGRILHNGAYSLTLQGLGISWLGLRSLRELGSGLALIHHNTHLCFVHTVPWDQLFRNPHQALLHTANRPEDECVGEGLACHQLCARGHCWGPGPTQCVNCSQFLRGQECVEECRVLQGLPREYVNARHCLPCHPECQPQNGSVTCFGPEADQCVA,26a3c5c36f69ad6d,4e7df546eb74f5fc,,,-8.45,500.0,PierceAbAg,,AA,1.13,rigid,2175.0,5.5
1VFB,AB,C,benchmarks/downloads/vreven_bm55/cleaned/1VFB_AB.pdb,223,129,DIVLTQSPASLSASVGETVTITCRASGNIHNYLAWYQQKQGKSPQLLVYYTTTLADGVPSRFSGSGSGTQYSLKINSLQPEDFGSYYCQHFWSTPRTFGGGTKLEIKQVQLQESGPGLVAPSQSLSITCTVSGFSLTGYGVNWVRQPPGKGLEWLGMIWGDGNTDYNSALKSRLSISKDNSKSQVFLKMNSLHTDDTARYYCARERDYRLDYWGQGTTLTVSS,KVFGRCELAAAMKRHGLDNYRGYSLGNWVCAAKFESNFNTQATNRNTDGSTDYGILQINSRWWCNDGRTPGSRNLCNIPCSALLSSDITASVNCAKKIVSDGNGMNAWVAWRNRCKGTDVQAWIRGCRL,29c3ac65d31970cd,eaf1f8d7f5bf78bb,,,-11.5,,Kastritis81,,AA,1.02,rigid,1383.0,2.0
1WEJ,HL,F,benchmarks/downloads/vreven_bm55/cleaned/1WEJ_AB.pdb,437,104,DIQMTQSPASLSASVGETVTITCRASGNIHNYLAWYQQKQGKSPQLLVYNAKTLADGVPSRFSGSGSGTQYSLKINSLQPEDFGSYYCQHFWSTPWTFGGGTKLEIKRADAAPTVSIFPPSSEQLTSGGASVVCFLNNFYPKDINVKWKIDGSERQNGVLNSWTDQDSKDSTYSMSSTLTLTKDEYERHNSYTCEATHKTSTSPIVKSFNRNECEVQLQQSGAELVKPGASVKLSCTASGFNIKDTYMHWVKQRPEKGLEWIGRIDPASGNTKYDPKFQDKATITADTSSNTAYLQLSSLTSEDTAVYYCAGYDYGNFDYWGQGTTLTVSSAETTPPSVYPLAPGTAALKSSMVTLGCLVKGYFPEPVTVTWNSGSLSSGVHTFPAVLQSDLYTLTSSVTVPSSTWPSQTVTCNVAHPASSTKVDKKIVPRNCGGDC,GDVEKGKKIFVQKCAQCHTVEKGGKHKTGPNLHGLFGRKTGQAPGFTYTDANKNKGITWKEETLMEYLENPKKYIPGTKMIFAGIKKKTEREDLIAYLKKATNE,c7013edb5d5fa622,e8665b5ad8005888,,,-12.5,,Kastritis81,,AA,0.31,rigid,1177.0,2.0
2I25,N,L,benchmarks/downloads/vreven_bm55/cleaned/2I25_AB.pdb,114,129,RVDQTPQRITKETGESLTINCVVRDSRCVLSTGYWYRKPPGSRNEESISDGGRYVETVNRGSKSFSLRINDLTVKDSGTYRCKPESRYGSYDAVCAALNDQYGGGTVVTVNAAA,KVFGRCELAAAMKRHGLDNYRGYSLGNWVCAAKFESNFNTQATNRNTDGSTDYGILQINSRWWCNDGRTPGSRNLCNIPCSALLSSDITASVNCAKKIVSDGNGMNAWVAWRNRCKGTDVQAWIRGCRL,ea7f5b0a1bd554ba,eaf1f8d7f5bf78bb,,,-12.3,,Kastritis81,,AS,1.21,rigid,1425.0,3.0
2VIS,AB,C,benchmarks/downloads/vreven_bm55/cleaned/2VIS_AB.pdb,431,267,QAVVTQESALTTSPGETVTLTCRSSTGAVTTSNYANWVQEKPDHLFTGLIGGTNNRAPGVPARFSGSLIGDKAALTITGAQTEDEAIYFCALWYSNHWVFGGGTKLTVLGQPKSSPSVTLFPPSSEELETNKATLVCTITDFYPGVVTVDWKVDGTPVTQGMETTQPSKQSNNKYMASSYLTLTARAWERHSSYSCQVTHEGHTVEKSLSQVQLKESGPGLVAPSQSLSITCTVSGFLLISNGVHWVRQPPGKGLEWLGVIWAGGNTNYNSALMSRVSISKDNSKSQVFLKMKSLQTDDTAMYYCARDFYDYDVFYYAMDYWGQGTSVTVSSAKTTPPSVYPLAPGSAAQTNSMVTLGCLVKGYFPEPVTVTWNSGSLSSGVHTFPAVLQSDLYTLSSSVTVPSSTWPSETVTCNVAHPASSTKVDKKIVP,VQSSSTGKICNNPHRILDGIDCTLIDALLGDPHCDVFQNETWDLFVERSKAFSNCYPYDVPDYASLRSLVASSGTLEFITEGFTWTGVIQNGGSNACKRGPGSGFFSRLNWLTKSGSTYPVLNVTMPNNDNFDKLYIWGIHHPSTNQEQTSLYVQASGRVTVSTRRSQQTIIPNIGSRPWVRGLSSRISIYWTIVKPGDVLVINSNGNLIAPRGYFKMRTGKSSIMRSDAPIDTCISECITPNGSIPNDKPFQNVNKITYGACPKYV,9ec61f29759b2a1a,00d46c891f6385a2,,,-7.4,,Kastritis81,,AA,0.8,rigid,1296.0,2.0
2VXT,HL,I ,benchmarks/downloads/vreven_bm55/cleaned/2VXT_AB.pdb,420,156,EIQLQQSGPELVKPGASVKVSCKASGYSFTDYFIYWVKQSHGKSLEWIGDIDPYNGDTSYNQKFRDKATLTVDQSSTTAFMHLNSLTSEDSAVYFCARGLRFWGQGTLVTVSAAKTTPPSVYPLAPGSMVTLGCLVKGYFPEPVTVTWNSGSLSSGVHTFPAVLQSDLYTLSSSVTVPSSTWPSETVTCNVAHPASSTKVDKKIVPRDIQMTQSPSSLSASLGERVSLTCRASQDIGSKLYWLQQEPDGTFKRLIYATSSLDSGVPKRFSGSRSGSDYSLTISSLESEDFVDYYCLQYASSPYTFGGGTKLAIKRADAAPTVSIFPPSSEQLTSGGASVVCFLNNFYPKDINVKWKIDGSERQNGVLNSWTDQDSKDSTYSMSSTLTLTKDEYERHNSYTCEATHKTSTSPIVKSFNRNE,YFGKLESKLSVIRNLNDQVLFIDQGNRPLFEDMTDSDARDNAPRTIFIISMYKDSQPRGMAVTISVKAEKISTLSAENKIISFKEMNPPDNIKDTKSDIIFFQRSVPGHDNKMQFESSSYEGYFLAAEKERDLFKLILKKEDELGDRSIMFTVQNE,59a4ebdd3b83f7c9,f799b09669eb54c3,,,-12.65,0.533,PierceAbAg,,AA,1.33,rigid,2163.0,5.0
2W9E,HL,A ,benchmarks/downloads/vreven_bm55/cleaned/2W9E_AB.pdb,427,99,EVQLQQSGPELVKPGSSVKISCKASRNTFTDYNLDWVKQSHGKTLEWIGNVYPNNGVTGYNQKFRGKATLTVDKSSSTAYMELHSLTSEDSAVYYCALYYYDVSYWGQGTLVTVSSAKTTPPSVYPLAPGSAAQTNSVTLGCLVKGYFPEPVTVTWNSGSLSSGVHTFPAVLQSDLYTLSSSVTVPSSTWPSQSVTCNVAHPASSTAVDKKIAPAQIVLTQSPAIMSASPGEKVTMTCSASSSVSYMHWYQQKSGTSPKRWIYDTSKLASGVPARFSGSGSGTSYSLTISSMEAEDAATYFCHQWRSNPYTFGGGTKLEIKRADAAPTVSIFPPSSEQLTGGGASVVCFLNNFYPKDINVKWKIDGSERQNGVLNSWTDQDSKDSTYSMSSTLTLTKDEYERHNSYTCEATHKTSTSPIVKSFNRNE,LGGYMLGSAMSRPIIHFGSDYEDRYYRENMHRYPNQVYYRPMDEYSNQNNFVHDCVNITIKQHTVTTTTKGENFTETDVKMMERVVEQMCITQYERESQ,a641e75946221333,e697f71964c22135,,,-13.49,0.13,PierceAbAg,,AA,1.13,rigid,1677.0,5.0
3EOA,LH,I ,benchmarks/downloads/vreven_bm55/cleaned/3EOA_AB.pdb,429,179,DIQMTQSPSSLSASVGDRVTITCRASKTISKYLAWYQQKPGKAPKLLIYSGSTLQSGVPSRFSGSGSGTDFTLTISSLQPEDFATYYCQQHNEYPLTFGQGTKVEIKRTVAAPSVFIFPPSDEQLKSGTASVVCLLNNFYPREAKVQWKVDNALQSGNSQESVTEQDSKDSTYSLSSTLTLSKADYEKHKVYACEVTHQGLSSPVTKSFNRGECEVQLVESGGGLVQPGGSLRLSCAASGYSFTGHWMNWVRQAPGKGLEWVGMIHPSDSETRYNQKFKDRFTISVDKSKNTLYLQMNSLRAEDTAVYYCARGIYFYGTTYFDYWGQGTLVTVSSASTKGPSVFPLAPSSGTAALGCLVKDYFPEPVTVSWNSGALTSGVHTFPAVLQSSGLYSLSSVVTVPSSSLGTQTYICNVNHKPSNTKVDKKVE,GNVDLVFLFDGSMSLQPDEFQKILDFMKDVMKKLSNTSYQFAAVQFSTSYKTEFDFSDYVKRKDPDALLKHVKHMLLLTNTFGAINYVATEVFREELGARPDATKVLIIITDGEATDSGNIDAAKDIIRYIIGIGKHFQTKESQETLHKFASKPASEFVKILDTFEKLKDLFTELQKKI,03f3f3a609601dfe,16b0bb61e4a280be,,,-11.81,2.2,PierceAbAg,,AA,0.39,rigid,1272.0,5.0
3MJ9,HL,A,benchmarks/downloads/vreven_bm55/cleaned/3MJ9_AB.pdb,419,229,QVQLKESGPGLLQPSQTLSLTCTVSGISLSDYGVHWVRQAPGKGLEWMGIIGHAGGTDYNSNLKSRVSISRDTSKSQVFLKLNSLQQEDTAMYFCARHFYTYFDVWGQGIQVTVSSATTTAPSVYPLAPANTVTLGCLVKGYFPEPVTVSWNSGALTSGVHTFPSVLHSGLYSLSSSVTVPSSTWPSQTVTCNVAHPASSTKVDKKIVPGYTLTQPPLVSVALGQKATITCSGDKLSDVYVHWYQQKAGQAPVLVIYEDNRRPSGIPDHFSGSNSGNMATLTISKAQAGDEADYYCQSWDGTNSAWVFGSGTKVTVLGQPNAAPSVTLFPPSSEELKTNQATLVCMINGFYPADVAVTWEADGTPITQGVKTTQPSKSDSKYMATSYLTMTADAWKSRNTFICKVTHGGNTVEKSLSPS,VSSPQLRVHVGESVLMGCVVQRTEEKHVDRVDWLFSKDKDDASEYVLFYYSNLSVPTGRFQNRSHLVGDTFHNDGSLLLQDVQKADEGIYTCEIRLKNESMVMKKPVELWVLPEEPRDLRVRVGDTTQMRCSIQSTEEKRVTKVNWMFSSGSHTEEETVLSYDSNMRSGKFQSLGRFRNRVDLTGDISRNDGSIKLQTVKESDQGIYTCSIYVGKLESRKTIVLHVVQD,b8f8ef5cfce6f761,ffac09a6b54eec43,,,-11.05,8.0,PierceAbAg,,AA,1.48,rigid,2457.0,5.5
3MXW,LH,A ,benchmarks/downloads/vreven_bm55/cleaned/3MXW_AB.pdb,432,153,DIVMTQTPKFLLVSAGDKVTITCKASQSVSNDLTWYQQKPGQSPKLLIYYASNRYTGVPDRFTGSGYGTDFTFTISTVQAEDLAVYFCQQDYGSPPTFGGGTKVEIKRTVAAPSVFIFPPSDEQLKSGTASVVCLLNNFYPREAKVQWKVDNALQSGNSQESVTEQDSKDSTYSLSSTLTLSKADYEKHKVYACEVTHQGLSSPVTKSFNRGQVQLQQSGPELVRPGVSVKISCKGSGYTFIDEALHWVKQSHAESLEWIGVIRPYSGETNYNQKFKDKATMTVDISSSTAYLELARLTSEDSAIYYCARDWERGDFFDYWGQGTLVTVSSASTKGPSVFPLAPSSKSTSGGTAALGCLVKDYFPEPVTVSWNSGALTSGVHTFPAVLQSSGLYSLSSVVTVPSSSLGTQTYICNVNHKPSNTKVDKKVEPK,LTPLAYKQFIPNVAEKTLGASGRYEGKISRNSERFKELTPNYNPDIIFKDEENTGADRLMTQRCKDKLNALAISVMNQWPGVKLRVTEGWDEDGHHSEESLHYEGRAVDITTSDRDRSKYGMLARLAVEAGFDWVYYESKAHIHCSVKAENSV,4dd0e39a0ff0174e,8775837c23e72566,,,-11.31,7.0,PierceAbAg,,AA,0.48,rigid,1696.0,5.0
3RVW,CD,A ,benchmarks/downloads/vreven_bm55/cleaned/3RVW_AB.pdb,429,222,QIVMTQSPFSMYATLGERVTITCKASQDIYSYLSWLQQKPGKSLKTLIYRANRLITGVPSRFSGSGSGQDYSLTISSLEYEDMGIYYCLQYDEFPYTFGGGTKLEMKRADAAPTVSIFPPSSEQLTSGGASVVCFLNNFYPKDINVKWKIDGSERQNGVLNSWTDQDSKDSTYSMSSTLTLTKDEYERHNSYTCEATHKTSTSPIVKSFNREVQLQESGPGLVKPSQSLSLTCTVTGYSITSDYAWNWIRQFPGNKLEWMGYISYSGTTSYNPSLKSRISITRDTSKNQFFLQLNSVTTEDTATYYCGRTGVYRYPERAPYWGQGTLVTVSAAKTTPPSVYPLAPQTNSMVTLGCLVKGYFPEPVTVTWNSGSLSSGVHTFPAVLQSDLYTLSSSVTVPSSTWPSETVTCNVAHPASSTKVDKKIVPRD,TNACSINGNAPAEIDLRQMRTVTPIRMQGGCGSCWAFSGVAATESAYLAYRNQSLDLAEQELVDCASQHGCHGDTIPRGIEYIQHNGVVQESYYRYVAREQSCRRPNAQRFGISNYCQIYPPNVNKIREALAQTHSAIAVIIGIKDLDAFRHYDGRTIIQRDNGYQPNYHAVNIVGYSNAQGVDYWIVRNSWDTNWGDNGYGYFAANIDLMMIEEYPYVVIL,8cefa6fd591d3021,302291c12867fbac,,,-10.53,19.0,PierceAbAg,,AA,0.5,rigid,1383.0,5.0
3U7Y,HL,G,benchmarks/downloads/vreven_bm55/cleaned/3U7Y_AB.pdb,429,340,VRLSQSGGQMKKPGESMRLSCRASGYEFLNCPINWIRLAPGRRPEWMGWLKPRGGAVNYARKFQGRVTMTRDVYSDTAFLELRSLTSDDTAVYFCTRGKYCTARDYYNWDFEHWGRGAPVTVSSASTKGPSVFPLAPSSGGTAALGCLVKDYFPEPVTVSWNSGALTSGVHTFPAVLQSSGLYSLSSVVTVPSSSLGTQTYICNVNHKPSNTKVDKRVEPKVLTQSPATLSLSPGETAIISCRTSQSGSLAWYQQRPGQAPRLVIYSGSTRAAGIPDRFSGSRWGADYNLSISNLESGDFGVYYCQQYEFFGQGTKVQVDIKRTVAAPSVFIFPPSDEQLKSGTASVVCLLNNFYPREAKVQWKVDNALQSGNSQESVTEQDSKDSTYSLSSTLTLSKADYEKHKVYACEVTHQGLSSPVTKSFNRGEC,VWKDADTTLFCASDAKAHETECHNVWATHACVPTDPNPQEIHLENVTENFNMWKNNMVEQMQEDVISLWDQCLQPCVKLTGGSVIKQACPKISFDPIPIHYCTPAGYVILKCNDKNFNGTGPCKNVSSVQCTHGIKPVVSTQLLLNGSLAEEEIIIRSENLTNNAKTIIVHLNKSVEINCTRPSNDIRKAYCEINGTKWNKVLKQVTEKLKEHFNNKTIIFQPPSGGDLEITMHHFNCRGEFFYCNTTQLFNNTCIGCNGTITLPCKIKQIINMWQGTGQAMYAPPIDGKINCVSNITGILLTRDGGANNTSNETFRPGGGNIKDNWRSELYKYKVVQIE,836a81045a751a3d,ef6f1c49f320c33d,,,-9.27,160.0,PierceAbAg,,AA,0.84,rigid,2544.0,5.5
3WD5,HL,ABC,benchmarks/downloads/vreven_bm55/cleaned/3WD5_AB.pdb,427,456,EVQLVESGGGLVQPGRSLRLSCAASGFTFDDYAMHWVRQAPGKGLEWVSAITWNSGHIDYADSVEGRFTISRDNAKNSLYLDMNSLRAEDTAVYYCAKVSYLSTASSLDYWGQGTLVTVSSASTKGPSVFPLAPSSGTAALGCLVKDYFPEPVTVSWNSGALTSGVHTFPAVLQSSGLYSLSSVVTVPSSSLGTQTYICNVNHKPSNTKVDKKIDIQMTQSPSSLSASVGDRVTITCRASQGIRNYLAWYQQKPGKAPKLLIYAASTLQSGVPSRFSGSGSGTDFTLTISSLQPEDVATYYCQRYNRAPYTFGQGTKVEIKRTVAAPSVFIFPPSDEQLKSGTASVVCLLNNFYPREAKVQWKVDNALQSGNSQESVTEQDSKDSTYSLSSTLTLSKADYEKHKVYACEVTHQGLSSPVTKSFNRGE,RTPSDKPVAHVVANPQAEGQLQWLNDRANALLANGVELRDNQLVVPSEGLYLIYSQVLFKGQGCPSTHVLLTHTISRIAVSYQTKVNLLSAIKSPCQRETPEGAEAKPWYEPIYLGGVFQLEKGDRLSAEINRPDYLDFAESGQVYFGIIALRTPSDKPVAHVVANPQAEGQLQWLNDRANALLANGVELRDNQLVVPSEGLYLIYSQVLFKGQGCPSTHVLLTHTISRIAVSYQTKVNLLSAIKSPCQRETPEGAEAKPWYEPIYLGGVFQLEKGDRLSAEINRPDYLDFAESGQVYFGIIALRTPSDKPVAHVVANPQAEGQLQWLNDRANALLANGVELRDNQLVVPSEGLYLIYSQVLFKGQGCPSTHVLLTHTISRIAVSYQTKVNLLSAIKSPCQRETPEGAEAKPWYEPIYLGGVFQLEKGDRLSAEINRPDYLDFAESGQVYFGIIAL,f25cc63aa23fbb76,f2d93cff20344232,,,-13.56,0.115,PierceAbAg,,AA,0.93,rigid,2328.0,5.5
4DN4,LH,M ,benchmarks/downloads/vreven_bm55/cleaned/4DN4_AB.pdb,427,61,EIVLTQSPATLSLSPGERATLSCRASQSVSDAYLAWYQQKPGQAPRLLIYDASSRATGVPARFSGSGSGTDFTLTISSLEPEDFAVYYCHQYIQLHSFTFGQGTKVEIKRTVAAPSVFIFPPSDEQLKSGTASVVCLLNNFYPREAKVQWKVDNALQSGNSQESVTEQDSKDSTYSLSSTLTLSKADYEKHKVYACEVTHQGLSSPVTKSFNRVELVQSGAEVKKPGSSVKVSCKASGGTFSSYGISWVRQAPGQGLEWMGGIIPIFGTANYAQKFQGRVTITADESTSTAYMELSSLRSEDTAVYYCARYDGIYGELDFWGQGTLVTVSSASTKGPSVFPLAPSSGTAALGCLVKDYFPEPVTVSWNSGALTSGVHTFPAVLQSSGLYSLSSVVTVPSSSLGTQTYICNVNHKPSNTKVDKKVEPK,VTCCYNFTNRKISVQRLASYRRITSSKCPKEAVIFKTIVAKEICADPKQKWVQDSMDHLDK,6bd578487e893ac5,c9bdf93ac7822c07,,,-14.22,0.038,PierceAbAg,,AA,0.81,rigid,1317.0,5.0
4FP8,HL,A,benchmarks/downloads/vreven_bm55/cleaned/4FP8_AB.pdb,451,267,VQLQESGGGLVQPGESLRLSCVGSGSSFGESTLSYYAVSWVRQAPGKGLEWLSIINAGGGDIDYADSVEGRFTISRDNSKETLYLQMTNLRVEDTGVYYCAKHMSMQQVVSAGWERADLVGDAFDVWGQGTMVTVSSASTKGPSVFPLAPSSKSTSGGTAALGCLVKDYFPEPVTVSWNSGALTSGVHTFPAVLQSSGLYSLSSVVTVPSSSLGTQTYICNVNHKPSNTKVDKRVEPKDIQLTQSPSSLSASVGDRVTLTCQASQDIRKFLNWYQQKPGKGPKLLIYDASNLQRGVPSRFSGGGSGTDFTLIISSLQPEDVGTYYCQQYDGLPFTFGGGTKVVIKRTVAAPSVFIFPPSDEQLKSGTASVVCLLNNFYPREAKVQWKVDNALQSGNSQESVTEQDSKDSTYSLSSTLTLSKADYEKHKVYACEVTHQGLSSPVTKSFNRGE,VQSSSTGKICNNPHRILDGIDCTLIDALLGDPHCDVFQNETWDLFVERSKAFSNCYPYDVPDYASLRSLVASSGTLEFITEGFTWTGVTQNGGSNACKRGPGSGFFSRLNWLTKSGSTYPVLNVTMPNNDNFDKLYIWGVHHPSTNQEQTSLYVQASGRVTVSTRRSQQTIIPNIGSRPWVRGLSSRISIYWTIVKPGDVLVINSNGNLIAPRGYFKMRTGKSSIMRSDAPIDTCISECITPNGSIPNDKPFQNVNKITYGACPKYV,18ff5f27cc0caf6a,62b8902017813b33,,,-8.83,430.0,PierceAbAg,,AA,0.34,rigid,1322.0,5.5
4FQI,HL,ABEFCD ,benchmarks/downloads/vreven_bm55/cleaned/4FQI_AB.pdb,426,1500,QVQLVQSGAEVKKPGSSVKVSCKSSGGTSNNYAISWVRQAPGQGLDWMGGISPIFGSTAYAQKFQGRVTISADIFSNTAYMELNSLTSEDTAVYFCARHGNYYYYSGMDVWGQGTTVTVSSASTKGPSVFPLAPGGTAALGCLVKDYFPEPVTVSWNSGALTSGVHTFPAVLQSSGLYSLSSVVTVPSSSLGTQTYICNVNHKPSNTKVDKRVEPSALTQPPAVSGTPGQRVTISCSGSDSNIGRRSVNWYQQFPGTAPKLLIYSNDQRPSVVPDRFSGSKSGTSASLAISGLQSEDEAEYYCAAWDDSLKGAVFGGGTQLTVLGQPKAAPSVTLFPPSSEELQANKATLVCLISDFYPGAVTVAWKADSSPVKAGVETTTPSKQSNNKYAASSYLSLTPEQWKSHRSYSCQVTHEGSTVEKTVAP,DPGDQICIGYHANNSTEQVDTIMEKNVTVTHAQDILEKKHNGKLCDLDGVKPLILRDCSVAGWLLGNPMCDEFINVPEWSYIVEKANPVNDLCYPGDFNDYEELKHLLSRINHFEKIQIIPKSSWSSHEASLGVSSACPYQGKSSFFRNVVWLIKKNSTYPTIKRSYNNTNQEDLLVLWGIHHPNDAAEQTKLYQNPTTYISVGTSTLNQRLVPRIATRSKVNGQSGRMEFFWTILKPNDAINFESNGNFIAPEYAYKIVKKGDSTIMKSELEYGNCNTKCQTPMGAINSSMPFHNIHPLTIGECPKYVKSNRLVLATGLRNSPGLFGAIAGFIEGGWQGMVDGWYGYHHSNEQGSGYAADKESTQKAIDGVTNKVNSIIDKMNTQFEAVGREFNNLERRIENLNKKMEDGFLDVWTYNAELLVLMENERTLDFHDSNVKNLYDKVRLQLRDNAKELGNGCFEFYHKCDNECMESVRNGTYDYPQYSEEARLKREEISSGDPGDQICIGYHANNSTEQVDTIMEKNVTVTHAQDILEKKHNGKLCDLDGVKPLILRDCSVAGWLLGNPMCDEFINVPEWSYIVEKANPVNDLCYPGDFNDYEELKHLLSRINHFEKIQIIPKSSWSSHEASLGVSSACPYQGKSSFFRNVVWLIKKNSTYPTIKRSYNNTNQEDLLVLWGIHHPNDAAEQTKLYQNPTTYISVGTSTLNQRLVPRIATRSKVNGQSGRMEFFWTILKPNDAINFESNGNFIAPEYAYKIVKKGDSTIMKSELEYGNCNTKCQTPMGAINSSMPFHNIHPLTIGECPKYVKSNRLVLATGLRNSPGLFGAIAGFIEGGWQGMVDGWYGYHHSNEQGSGYAADKESTQKAIDGVTNKVNSIIDKMNTQFEAVGREFNNLERRIENLNKKMEDGFLDVWTYNAELLVLMENERTLDFHDSNVKNLYDKVRLQLRDNAKELGNGCFEFYHKCDNECMESVRNGTYDYPQYSEEARLKREEISSGDPGDQICIGYHANNSTEQVDTIMEKNVTVTHAQDILEKKHNGKLCDLDGVKPLILRDCSVAGWLLGNPMCDEFINVPEWSYIVEKANPVNDLCYPGDFNDYEELKHLLSRINHFEKIQIIPKSSWSSHEASLGVSSACPYQGKSSFFRNVVWLIKKNSTYPTIKRSYNNTNQEDLLVLWGIHHPNDAAEQTKLYQNPTTYISVGTSTLNQRLVPRIATRSKVNGQSGRMEFFWTILKPNDAINFESNGNFIAPEYAYKIVKKGDSTIMKSELEYGNCNTKCQTPMGAINSSMPFHNIHPLTIGECPKYVKSNRLVLATGLRNSPGLFGAIAGFIEGGWQGMVDGWYGYHHSNEQGSGYAADKESTQKAIDGVTNKVNSIIDKMNTQFEAVGREFNNLERRIENLNKKMEDGFLDVWTYNAELLVLMENERTLDFHDSNVKNLYDKVRLQLRDNAKELGNGCFEFYHKCDNECMESVRNGTYDYPQYSEEARLKREEISSG,d3504f85f0d35fd3,d7236b4988d36902,,,-12.55,0.9,PierceAbAg,,AA,1.08,rigid,1459.0,5.0
4G6J,HL,A ,benchmarks/downloads/vreven_bm55/cleaned/4G6J_AB.pdb,430,149,QVQLVESGGGVVQPGRSLRLSCAASGFTFSVYGMNWVRQAPAKGLEWVAIIWYDGDNQYYADSVKGRFTISRDNSKNTLYLQMNGLRAEDTAVYYCARDLRTGPFDYWGQGTLVTVSSASTKGPSVFPLAPSSKSTSGGTAALGCLVKDYFPEPVTVSWNSGALTSGVHTFPAVLQSSGLYSLSSVVTVPSSSLGTQTYICNVNHKPSNTKVDKRVAPEIVLTQSPDFQSVTPKEKVTITCRASQSIGSSLHWYQQKPDQSPKLLIKYASQSFSGVPSRFSGSGSGTDFTLTINSLEAEDAAAYYCHQSSSLPFTFGPGTKVDIKRTVAAPSVFIFPPSDEQLKSGTASVVCLLNNFYPREAKVQWKVDNALQSGNSQESVTEQDSKDSTYSLSSTLTLSKADYEKHKVYACEVTHQGLSSPVTKSFNRG,RSLNCTLRDSQQKSLVMSGPYELKALHLQGQDMEQQVVFSMSFVQGEESNDKIPVALGLKEKNLYLSCVLKDDKPTLQLESVDPKNYPKKKMEKRFVFNKIEINNKLEFESAQFPNWYISTSQAENMPVFLGGTKGGQDITDFTMQFVS,ab6489b619bf1daa,95bc0554189cfd86,,,-11.44,4.1,PierceAbAg,,AA,0.61,rigid,1893.0,5.0
4G6M,HL,A ,benchmarks/downloads/vreven_bm55/cleaned/4G6M_AB.pdb,433,150,QVQLQESGPGLVKPSQTLSLTCSFSGFSLSTSGMGVGWIRQPSGKGLEWLAHIWWDGDESYNPSLKSRLTISKDTSKNQVSLKITSVTAADTAVYFCARNRYDPPWFVDWGQGTLVTVSSASTKGPSVFPLAPSSKSTSGGTAALGCLVKDYFPEPVTVSWNSGALTSGVHTFPAVLQSSGLYSLSSVVTVPSSSLGTQTYICNVNHKPSNTKVDKRVEPDIQMTQSTSSLSASVGDRVTITCRASQDISNYLSWYQQKPGKAVKLLIYYTSKLHSGVPSRFSGSGSGTDYTLTISSLQQEDFATYFCLQGKMLPWTFGQGTKLEIKRTVAAPSVFIFPPSDEQLKSGTASVVCLLNNFYPREAKVQWKVDNALQSGNSQESVTEQDSKDSTYSLSSTLTLSKADYEKHKVYACEVTHQGLSSPVTKSFNRGE,PVRSLNCTLRDSQQKSLVMSGPYELKALHLQGQDMEQQVVFSMSFVQGEESNDKIPVALGLKEKNLYLSCVLKDDKPTLQLESVDPKNYPKKKMEKRFVFNKIEINNKLEFESAQFPNWYISTSQAENMPVFLGGTKGGQDITDFTMQFV,7fd4e27d220a063b,0fed6f779e39c81d,,,-13.01,0.29,PierceAbAg,,AA,0.49,rigid,1673.0,5.0
4GXU,MN,ABEFCD ,benchmarks/downloads/vreven_bm55/cleaned/4GXU_AB.pdb,440,1488,VQLVQSGGGVVQPRRSLRLSCAASGFTFSSYAMHWVRQAPGKGLEWVAVISYDGRNKYYADSVKGRFTVSRDNSKNTLYLQMNSLRAEDTSVYYCARELLMDYYDHIGYSPGPTWGQGTLVTVSSASTKGPSVFPLAPSSKSTSGGTAALGCLVKDYFPEPVTVSWNSGALTSGVHTFPAVLQSSGLYSLSSVVTVPSSSLGTQTYICNVNHKPSNTKVDKRVEPKSPVLTQPPSASGSPGQRVTISCSGSSSNIGSYTVNWYQQLPGTAPKLLIYSLNQRPSGVPDRFSGSKSGTSASLAISGLQSEDEAVYYCAAWDDSLSAHVVFGGGTKLTVLGQPKAAPSVTLFPPSSEELQANKATLVCLISDFYPGAVTVAWKADSSPVKAGVETTTPSKQSNNKYAASSYLSLTPEQWKSHRSYSCQVTHEGSTVEKTVAPT,PGDTICIGYHANNSTDTVDTVLEKNVTVTHSVNLLEDSHNGKLCKLKGIAPLQLGKCNIAGWLLGNPECDLLLTASSWSYIVETSNSENGTCYPGDFIDYEELREQLSSVSSFEKFEIFPKTSSWPNHETTKGVTAACSYAGASSFYRNLLWLTKKGSSYPKLSKSYVNNKGKEVLVLWGVHHPPTGTDQQSLYQNADAYVSVGSSKYNRRFTPEIAARPKVRDQAGRMNYYWTLLEPGDTITFEATGNLIAPWYAFALNRGSGSGIITSDAPVHDCNTKCQTPHGAINSSLPFQNIHPVTIGECPKYVRSTKLRMATGLRNIPSGLFGAIAGFIEGGWTGMIDGWYGYHHQNEQGSGYAADQKSTQNAIDGITNKVNSVIEKMNTQFTAVGKEFNNLERRIENLNKKVDDGFLDIWTYNAELLVLLENERTLDFHDSNVRNLYEKVKSQLKNNAKEIGNGCFEFYHKCDDACMESVRNGTYDYPKYSEESKLNREPGDTICIGYHANNSTDTVDTVLEKNVTVTHSVNLLEDSHNGKLCKLKGIAPLQLGKCNIAGWLLGNPECDLLLTASSWSYIVETSNSENGTCYPGDFIDYEELREQLSSVSSFEKFEIFPKTSSWPNHETTKGVTAACSYAGASSFYRNLLWLTKKGSSYPKLSKSYVNNKGKEVLVLWGVHHPPTGTDQQSLYQNADAYVSVGSSKYNRRFTPEIAARPKVRDQAGRMNYYWTLLEPGDTITFEATGNLIAPWYAFALNRGSGSGIITSDAPVHDCNTKCQTPHGAINSSLPFQNIHPVTIGECPKYVRSTKLRMATGLRNIPSGLFGAIAGFIEGGWTGMIDGWYGYHHQNEQGSGYAADQKSTQNAIDGITNKVNSVIEKMNTQFTAVGKEFNNLERRIENLNKKVDDGFLDIWTYNAELLVLLENERTLDFHDSNVRNLYEKVKSQLKNNAKEIGNGCFEFYHKCDDACMESVRNGTYDYPKYSEESKLNREPGDTICIGYHANNSTDTVDTVLEKNVTVTHSVNLLEDSHNGKLCKLKGIAPLQLGKCNIAGWLLGNPECDLLLTASSWSYIVETSNSENGTCYPGDFIDYEELREQLSSVSSFEKFEIFPKTSSWPNHETTKGVTAACSYAGASSFYRNLLWLTKKGSSYPKLSKSYVNNKGKEVLVLWGVHHPPTGTDQQSLYQNADAYVSVGSSKYNRRFTPEIAARPKVRDQAGRMNYYWTLLEPGDTITFEATGNLIAPWYAFALNRGSGSGIITSDAPVHDCNTKCQTPHGAINSSLPFQNIHPVTIGECPKYVRSTKLRMATGLRNIPSGLFGAIAGFIEGGWTGMIDGWYGYHHQNEQGSGYAADQKSTQNAIDGITNKVNSVIEKMNTQFTAVGKEFNNLERRIENLNKKVDDGFLDIWTYNAELLVLLENERTLDFHDSNVRNLYEKVKSQLKNNAKEIGNGCFEFYHKCDDACMESVRNGTYDYPKYSEESKLNRE,62fad281717636c0,ee98d7817588b6f7,,,-11.2,6.2,PierceAbAg,,AA,0.78,rigid,1830.0,5.0
4M5Z,HL,A,benchmarks/downloads/vreven_bm55/cleaned/4M5Z_AB.pdb,432,210,EVQLVESGPGLVKPSDILSLTCAVSGYSISSNYYWGWIRQPPGKGLEWIGSIYHSGSTYYKPSLESRLGISVDTSKNQFSLKLSFVSAADTAVYYCARHVRSGYPDTAYYFDKWGQGTLVTVSSASTKGPSVFPLAPSGTAALGCLVKDYFPEPVTVSWNSGALTSGVHTFPAVLQSSGLYSLSSVVTVPSSSLGTQTYICNVNHKPSNTKVDKRVEPKSSYVLTQPPSVSVAPGETARISCGGNNIGTKVLHWYQQTPGQAPVLVVYDDSDRPSGIPERFSGSNSGNTATLTISRVEVGDEADYYCQVWDISTDQAVFGGGTKLTVLGQPKAAPSVTLFPPSSEELQANKATLVCLISDFYPGAVTVAWKADSSPVKAGVETTTPSKQSNNKYAASSYLSLTPEQWKSHRSYSCQVTHEGSTVEKTVAPTE,GVAPLHLGKCNIAGWILGNPECETASSWSYIVETSDNGTCYPGDFIDYEELREQLSSVSSFERFEIFPKTSSWPNHDSNKGVTAACPHAGAKSFYKNLIWLVKKGNSYPKLSKSYINDKGKEVLVLWGIHHPSTSADQQSLYQNADAYVFVGSSRYSKKFKPEIAIRPKVRDQEGRMNYYWTLVEPGDKITFEATGNLVVPRYAFAMERN,2d47387a4349d0a9,0a37d86265b1c199,,,-11.1,10.0,PierceAbAg,,AA,0.73,rigid,1591.0,5.5
4Y7M,A,C,benchmarks/downloads/vreven_bm55/cleaned/4Y7M_AB.pdb,129,241,QVQLVESGGGLVQAGGSLRLSCAASGFTFEDYAIGWFRQAPGKEREGVSCISNLDGSTYYPDSVKGRFTASSDKAKNMVYLQMNSLKPEDTAVYYCAAVNAQGIYCTDYIIGPYGMDYWGKGTQVTVSS,LTPAAESLNARWRTAVVDGWNNAFSGRYPFKNVSSDASLPLLAKYLNTDTGRIARFLQNNLSGVLHREGSRWVPDTINTRGLTFNPAFLKAINTLSEIADVAFTTGNAGLHFELRPGTAAGVMQTTLITDNQKLIYVNQMPVWKRFTWPADTEAPGASLSWVSTQAGTRQYADLPGSWGLIRLLEMARRKAAPGVASGWSLSWQAQDGRMLNYTLRTEAGEGPLVLLKLRNFVLPETVFEL,09c9e5ee7efd5b37,dc021ef78b5020ee,,,-11.79,1.61,PierceAbAg,,AS,0.84,rigid,1103.0,5.5
5GRJ,HL,A,benchmarks/downloads/vreven_bm55/cleaned/5GRJ_AB.pdb,226,213,EVQLLESGGGLVQPGGSLRLSCAASGFTFSSYIMMWVRQAPGKGLEWVSSIYPSGGITFYADTVKGRFTISRDNSKNTLYLQMNSLRAEDTAVYYCARIKLGTVTTVDYWGQGTLVTVSALTQPASVSGSPGQSITISCTGTSSDVGGYNYVSWYQQHPGKAPKLMIYDVSNRPSGVSNRFSGSKSGNTASLTISGLQAEDEADYYCSSYTSSSTRVFGTGTKVTV,AFTVTVPKDLYVVEYGSNMTIECKFPVEKQLDLAALIVYWEMEDKNIIQFVHGEEDLKVQHSSYRQRARLLKDQLSLGNAALQITDVKLQDAGVYRCMISYGGADYKRITVKVNAPYNKINQRILVVDPVTSEHELTCQAEGYPKAEVIWTSSDHQVLSGKTTTTNSEKLFNVTSTLRINTTTNEIFYCTFRRLDPEENHTAELVIPELPLAH,8a140e967fcfd946,bbbcf423d357dfc8,,,-14.15,0.0421,PierceAbAg,,AA,1.14,rigid,1753.0,5.5
5O14,HL,A,benchmarks/downloads/vreven_bm55/cleaned/5O14_AB.pdb,433,229,EVQLVQSGAELKKPGESLKISCKASGYTFTNYWVVWVRQMPGEGLEWMGSIHPRDSDARYSLSFEGRVTFSVDKSTTTAYLQWSSLKVSDSAIYYCARLSQVSGWSPWVGPWGQGTLVTVSSASTKGPSVFPLAPSSKSTGGTAALGCLVKDYFPEPVTVSWNSGALTSGVHTFPAVLQSSGLYSLSSVVTVPSSSLGTQTYICNVNHKPSNTKVDKKVEPDIVMTQSPSSLSASVGDRVTITCRASQSISVSLNWYQQKPGKAPKVLIYAASRLQSGIPSRFSGSGSGSHFTLTISSLQPEDFATYYCQETYSDLMYTFGQGTKVEIKRTVAAPSVFIFPPSDEQLKSGTASVVCLLNNFYPREAKVQWKVDNALQSGNSQESVTEQDSKDSTYSLSSTLTLSKADYEKHKVYACEVTHQGLSSPVTKSFNR,AGLADALTAPLDHKDKGLQSLTLDQSVRKNEKLKLAAQGAEKTYGNGDSLNTGKLKNDKVSRFDFIRQIITLESGEFQVYKQSHSALTAFQTEQIQMVAKRQFRIGDIAGEHTSFDKLPEGGRATYRGTAFGSDDAGGKLTYTIDFAAKQGNGKIEHLKSPELNVDLAAADIKPDGKRHAVISGSVLYNQAEKGSYSLGIFGGKAQEVAGSAEVKTVNGIRHIGLAAKQ,0e83dc08f8206108,e45674ccd175c91b,,,-14.62,0.019,PierceAbAg,,AA,0.63,rigid,1524.0,5.5
5SV3,C,D,benchmarks/downloads/vreven_bm55/cleaned/5SV3_AB.pdb,125,167,VQLVESGGGLVQAGDSLRLSCTASGRTLGDYGVAWFRQAPGKEREFVSVISRSTIITDYADSVRGRFSISADSAKNTVYLQMNSLKPEDTAVYYCAVIANPVYATSRNSDDYGHWGQGTQVTVSS,QYPIINFTTAGATVQSYTNFIRAVRGRLTVLPNRVGLPINQRFILVELSNHAELSVTLALDVTNAYVVGYRAGNSAYFFHPDNQEDAEAITHLFTDVQNRYTFAFGGNYDRLEQLAGNLRENIELGNGPLEEAISALYYYSTGGTQLPTLARSFIICIQMISEAARF,812a2e8c90beea93,159afe5e97aa626e,,,-13.92,0.0627,PierceAbAg,,AS,0.57,rigid,1294.0,5.5
5WUX,HL,EFG,benchmarks/downloads/vreven_bm55/cleaned/5WUX_AB.pdb,425,418,EVQLVESGGGLVQPGGSLRLSCAASGYVFTDYGMNWVRQAPGKGLEWMGWINTYIGEPIYADSVKGRFTFSLDTSKSTAYLQMNSLRAEDTAVYYCARGYRSYAMDYWGQGTLVTVSSASTKGPSVFPLAPTAALGCLVKDYFPEPVTVSWNSGALTSGVHTFPAVLQSSGLYSLSSVVTVPSSSLGTQTYICNVNHKPSNTKVDKKVEPKSDIQMTQSPSSLSASVGDRVTITCKASQNVGTNVAWYQQKPGKAPKALIYSASFLYSGVPYRFSGSGSGTDFTLTISSLQPEDFATYYCQQYNIYPLTFGQGTKVEIKRTVAAPSVFIFPPSDEQLKSGTASVVCLLNNFYPREAKVQWKVDNALQSGNSQESVTEQDSKDSTYSLSSTLTLSKADYEKHKVYACEVTHQGLSSPVTKSFNRGE,SDKPVAHVVANPQAEGQLQWANALLANGVELRDNQLVVPSEGLYLIYSQVLFKGQGCPSTHVLLTHTISRIAVSYQTKVNLLSAIKSPCAKPWYEPIYLGGVFQLEKGDRLSAEINRPDYLDFAESGQVYFGIIALSDKPVAHVVANPQAEGQLQWLNRRANALLANGVELRDNQLVVPSEGLYLIYSQVLFKGQGCPSTHVLLTHTISRIAVSYQTKVNLLSAIKSPCQAKPWYEPIYLGGVFQLEKGDRLSAEINRPDYLDFAESGQVYFGIIALSDKPVAHVVANPQAEGQLQWLNRRANALLANGVELRDNQLVVPSEGLYLIYSQVLFKGQGCPSTHVLLTHTISRIAVSYQTKVNLLSAIKSPCQAKPWYEPIYLGGVFQLEKGDRLSAEINRPDYLDFAESGQVYFGIIAL,dd1c079812e8fd77,079c0839f689bdc2,,,-14.41,0.0274,PierceAbAg,,AA,0.8,rigid,2073.0,5.5
5Y9J,HL,ABC,benchmarks/downloads/vreven_bm55/cleaned/5Y9J_AB.pdb,428,432,VQLQQSGAEVKKPGSSVRVSCKASGGTFNNNAINWVRQAPGQGLEWMGGIIPMFGTAKYSQNFQGRVAITADESTGTASMELSSLRSEDTAVYYCARSRDLLLFPHHALSPWGRGTMVTVSSASTKGPSVFPLAPSGGTAALGCLVKDYFPEPVTVSWNSGALTSGVHTFPAVLQSSGLYSLSSVVTVPSSSLGTQTYICNVNHKPSNTKVDKKVEPKSELTQDPAVSVALGQTVRVTCQGDSLRSYYASWYQQKPGQAPVLVIYGKNNRPSGIPDRFSGSSSGNTASLTITGAQAEDEADYYCSSRDSSGNHWVFGGGTELTVLGQPKAAPSVTLFPPSSEELQANKATLVCLISDFYPGAVTVAWKADSSPVKAGVETTTPSKQSNNKYAASSYLSLTPEQWKSHRSYSCQVTHEGSTVEKTVAPT,VTQDCLQLIADSETPTIQKGSYTFVPWLLSFKRGSALEEKENKILVKETGYFFIYGQVLYTDKTYAMGHLIQRKKVHVFGDELSLVTLFRCIQNMPETLPNNSCYSAGIAKLEEGDELQLAIPRENAQISLDGDVTFFGALKLLVTQDCLQLIADSETPTIQKGSYTFVPWLLSFKRGSALEEKENKILVKETGYFFIYGQVLYTDKTYAMGHLIQRKKVHVFGDELSLVTLFRCIQNMPETLPNNSCYSAGIAKLEEGDELQLAIPRENAQISLDGDVTFFGALKLLVTQDCLQLIADSETPTIQKGSYTFVPWLLSFKRGSALEEKENKILVKETGYFFIYGQVLYTDKTYAMGHLIQRKKVHVFGDELSLVTLFRCIQNMPETLPNNSCYSAGIAKLEEGDELQLAIPRENAQISLDGDVTFFGALKLL,56155479e72070b6,f8125f016553e297,,,-12.28,0.995,PierceAbAg,,AA,0.96,rigid,1976.0,5.5
6B0S,HL,C,benchmarks/downloads/vreven_bm55/cleaned/6B0S_AB.pdb,427,65,EVQLQESGGGLVKPGGSLRLSCAASGFTFSSYSMNWVRQAPGKGLEWVSSITSSSSYIYYADSVKGRFTISRDNAKNSLYLQMNSLRAEDTAVYYCARDPGIAAADNHWFDPWGQGTLVTVSSASTKGPSVFPLAPSTAALGCLVKDYFPEPVTVSWNSGALTSGVHTFPAVLQSSGLYSLSSVVTVPSSSLGTQTYICNVNHKPSNTKVDKRVEPKYELTQPPSVSVSPGQTASITCSGDKLGDKYACWYQQKPGQSPVVVIYQDTKRPSGIPERFSGSNSGNTATLTISGTQAMDEADYYCQAWDSSTVVFGGGTKLTVLGQPKAAPSVTLFPPSSEELQANKATLVCLISDFYPGAVTVAWKADSSPVKAGVETTTPSKQSNNKYAASSYLSLTPEQWKSHRSYSCQVTHEGSTVEKTVAPTEC,EPSDKHIKEYLNKIQNSLSTEWSPCSVTCGNGIQVRIKPGSANKPKDELDYANDIEKKICKMEKC,e8898e20bffb49de,0fe6bd6436bef889,,,-9.11,178.0,PierceAbAg,,AA,0.72,rigid,1353.0,5.5
6CWG,B,A,benchmarks/downloads/vreven_bm55/cleaned/6CWG_AB.pdb,127,262,QLAESGGGLVQAGGSLKLSCAASGRDFSMYMLAWFRQAPGKEREFVAAIMCSGGGGGTYYADSMQGRFTISRDNAKKTVALQMNSLKPEDTAVYYCAASTTYCSATTYSSDRLYDFWGQGTQVTVSS,QYPIINFTTAGATVQSYTNFIRAVRGRLTTGADVRHEIPVLPNRVGLPINQRFILVELSNHAELSVTLALDVTNAYVVGYRAGNSAYFFHPDNQEDAEAITHLFTDVQNRYTFAFGGNYDRLEQLAGNLRENIELGNGPLEEAISALYYYSTGTQLPTLARSFIICIQMISEAARFQYIEGEMRTRIRYNRRSAPDPSVITLENSWGRLSTAIQESNQGAFASPIQLQRRNGSKFSVYDVSILIPIIALMVYRCAPPPSSQF,2a9502d957cce494,0afd3f31a3b366ee,,,-13.64,0.1,PierceAbAg,,AS,0.76,rigid,1151.0,5.5
6DBG,C,B,benchmarks/downloads/vreven_bm55/cleaned/6DBG_AB.pdb,118,286,VKLEESGGGSVQAGGSLRLSCAASGHTYSTYCMGWFRQEREGVARINVGGSSTWYADSVRDRFTISQDNAKNTVYLQMNSLKLEDTAIYYCTLHRFCNTWSLGTLNVWGQGTQVTVSS,ETITVPTPIKQIFSDDAFAETIKDNLKKKSVTDAVTQNELNSIDQIIANNSDIKSVQGIQYLPNVTKLFLNGNKLTDIKPLANLKNLGWLFLDENKVKDLSSLKDLKKLKSLSLEHNGISDINGLVHLPQLESLYLGNNKITDITVLSRLTKLDTLSLEDNQISDIVPLAGLTKLQNLYLSKNHISDLRALAGLKNLDVLELFSQECLNKPINHQSNLVVPNTVKNTDGSLVTPEIISDDGDYEKPNVKWHLPEFTNEVSFIFYQPVTIGKAKARFHGRVTQPLKE,079c515b7e9ea2f2,10bfaa3a3740377f,,,-13.4,0.15,PierceAbAg,,AS,0.46,rigid,1525.0,5.5
1BUH,A,B,benchmarks/downloads/vreven_bm55/cleaned/1BUH_AB.pdb,287,70,MENFQKVEKIGEGTYGVVYKARNKLTGEVVALKKIRLDTTAIREISLLKELNHPNIVKLLDVIHTENKLYLVFEFLHQDLKKFMDASALTGIPLPLIKSYLFQLLQGLAFCHSHRVLHRDLKPQNLLINTEGAIKLADFGLARAFGVPVRTYTHEVVTLWYRAPEILLGCKYYSTAVDIWSLGCIFAEMVTRRALFPGDSEIDQLFRIFRTLGTPDEVVWPGVTSMPDYKPSFPKWARQDFSKVVPPLDEDGRSLLSQMLHYDPNKRISAKAALAHPFFQDVTKPVP,QIYYSDKYDDEEFEYRHVMLPKDIAKLVPKTHLMSESEWRNLGVQQSQGWVHYMIHEPEPHILLFRRPLP,7357ee16f42b8574,e88dd8ea9b51bac8,,,-9.7,,Kastritis81,,EI,0.75,rigid,1324.0,2.0
1BVN,P,T,benchmarks/downloads/vreven_bm55/cleaned/1BVN_AB.pdb,496,71,QYAPQTQSGRTDIVHLFEWRWVDIALECERYLGPKGFGGVQVSPPNENVVVTNPSRPWWERYQPVSYKLCTRSGNENEFRDMVTRCNNVGVRIYVDAVINHMCGSGAAAGTGTTCGSYCNPGSREFPAVPYSAWDFNDGKCKTASGGIESYNDPYQVRDCQLVGLLDLALEKDYVRSMIADYLNKLIDIGVAGFRLDASKHMWPGDIKAVLDKLHNLNTNWFPAGSRPFIFQEVIDLGGEAISSSEYFGNGRVTEFKYGAKLGTVVRKWSGEKMSYLKNWGEGWGFMPSDRALVFVDNHDNQRGHGAGGSSILTFWDARLYKVAVGFMLAHPYGFTRVMSSYRWARNFVNGEDVNDWIGPPNNNGVIKEVTINADTTCGNDWVCEHRWREIRNMVWFRNVVDGQPFANWWDNGSNQVAFGRGNRGFIVFNNDDWQLSSTLQTGLPGGTYCNVISGDKVGNSCTGIKVYVSSDGTAQFSISNSAQDPFIAIHAESKL,VSEPAPSCVTLYQSWRYSQADNGCAETVTVKVVYEDDTEGLCYAVAPGQITTVGDGYIGSHGHARYLARCL,bac27467fbb6d11b,cebdff208512c855,,,-15.1,,Kastritis81,,EI,0.87,rigid,2222.0,2.0
1E6E,A,B,benchmarks/downloads/vreven_bm55/cleaned/1E6E_AB.pdb,457,113,EQTPQICVVGSGPAGFYTAQHLLKHHSRAHVDIYEKQLVPFGLVRFGVAPDHPEVKNVINTFTQTARSDRCAFYGNVEVGRDVTVQELQDAYHAVVLSYGAEDHQALDIPGEELPGVFSARAFVGWYNGLPENRELAPDLSCDTAVILGQGNVALDVARILLTPPDHLEKTDITEAALGALRQSRVKTVWIVGRRGPLQVAFTIKELREMIQLPGTRPMLDPADFLGLQDRIKEAARPRKRLMELLLRTATEKPGVEEAARRASASRAWGLRFFRSPQQVLPSPDGRRAAGIRLAVTRLEGIGEATRAVPTGDVEDLPCGLVLSSIGYKSRPIDPSVPFDPKLGVVPNMEGRVVDVPGLYCSGWVKRGPTGVITTTMTDSFLTGQILLQDLKAGHLPSGPRPGSAFIKALLDSRGVWPVSFSDWEKLDAEEVSRGQASGKPREKLLDPQEMLRLLGH,DKITVHFINRDGETLTTKGKIGDSLLDVVVQNNLDIDGFGACEGTLACSTCHLIFEQHIFEKLEAITDEENDMLDLAYGLTDRSRLGCQICLTKAMDNMTVRVPDAVSDARES,3766359f2c1e2407,ece7a9c00c871908,,,-8.3,,Kastritis81,,ES,0.96,rigid,2315.0,2.0
1EWY,A,C,benchmarks/downloads/vreven_bm55/cleaned/1EWY_AB.pdb,303,98,TQAKAKHADVPVNLYRPNAPFIGKVISNEPLVKEGGIGIVQHIKFDLTGGNLKYIEGQSIGIIPPGVDKNGKPEKLRLYSIASTRHGDDVDDKTISLCVRQLEYKHPESGETVYGVCSTYLTHIEPGSEVKITGPVGKEMLLPDDPEANVIMLATGTGIAPMRTYLWRMFKDAERAANPEYQFKGFSWLVFGVPTTPNILYKEELEEIQQKYPDNFRLTYAISREQKNPQGGRMYIQDRVAEHADELWQLIKNQKTHTYICGLRGMEEGIDAALSAAAAKEGVTWSDYQKDLKKAGRWHVETY,ATFKVTLINEAEGTKHEIEVPDDEYILDAAEEQGYDLPFSCRAGACSTCAGKLVSGTVDQSDQSFLDDDQIEAGYVLTCVAYPTSDVVIQTHKEEDLY,85bb8768362d8ac6,d502164165126c96,,,-7.4,,Kastritis81,,ES,0.8,rigid,1502.0,2.0
1EZU,C,AB   *,benchmarks/downloads/vreven_bm55/cleaned/1EZU_AB.pdb,223,280,IVGGYTCQENSVPYQVSLNSGYHFCGGSLINDQWVVSAAHCYKSRIQVRLGEHNINVLEGDEQFVNAAKIIKHPNFDRKTLNNNIMLIKLSSPVKLNARVATVALPSSCAPAGTQCLISGWGNTLSSGVNEPDLLQCLDAPLLPQADCEASYPGKITDNMVCVGFLEGGKDSCQGDSGGPVVCNGELQGIVSWGYGCALPDNPGVYTKVCNYVDWIQDTIAAN,SVQPLEKIAPYPQAEKGMKRQVIQLTPQEDESTLKVELLIGQTLEVDCNLHRLGGKLENKTLEGWGFPYYVFDKVSSPVSTMMACPDGKKEKKFVTAYLGDAGMLRYNSKLPIVVYTPDNVDVKYRVWKAEEKIDNAVVRSVQPLEKIAPYPQAEKGMKRQVIQLTPQEDESTLKVELLIGQTLEVDCNLHRLGGKLENKTLEGWGFPYYVFDKVSSPVSTMMACPDGKKEKKFVTAYLGDAGMLRYNSKLPIVVYTPDNVDVKYRVWKAEEKIDNAVVR,f4d6f45de24fd211,9ad20faefe905204,,,-13.8,,Kastritis81,,EI,1.21,rigid,2751.0,2.0
1GLA,G,F,benchmarks/downloads/vreven_bm55/cleaned/1GLA_AB.pdb,489,161,KYIVALDQGTTSSRAVVMDHDANIISVSQREFEQIYPKPGWVEHDPMEIWATQSSTLVEVLAKADISSDQIAAIGITNQRETTIVWEKETGKPIYNAIVWQCRRTAEICEHLKRDGLEDYIRSNTGLVIDPYFSGTKVKWILDHVEGSRERARRGELLFGTVDTWLIWKMTQGRVHVTDYTNASRTMLFNIHTLDWDDKMLEVLDIPREMLPEVRRSSEVYGQTNIIPISGIAGDQQAALFGQLCVKEGMAKNTYGTGCFMLMNTGEKAVKSENGLLTTIACGPTGEVNYALEGAVFMAGASIQWLRDEMKLINDAYDSEYFATKVQNTNGVYVVPAFTGLGAPYWDPYARGAIFGLTRGVNANHIIRATLESIAYQTRDVLEAMQADSGIRLHALRVDGGAVANNFLMQFQSDILGTRVERPEVREVTALGAAYLAGLAVGFWQNLDELQEKAVIEREFRPGIETTERNYRYAGWKKAVKRAMAWEEH,GLFDKLKSLVSTIEIIAPLSGEIVNIEDVPDVVFAEKIVGDGIAIKPTGNKMVAPVDGTIGKIFETNHAFSIESDSGVELFVHFGIDTVELKGEGFKRIAEEGQRVKVGDTVIEFDLPLLEEKAKSTLTPVVISNMDEIKELIKLSGSVTVGETPVIRIKK,73b0510ed40eece3,3e267b0bbe49b6b0,,,-6.8,,Kastritis81,,ER,0.98,rigid,1304.0,3.0
1GXD,A,C,benchmarks/downloads/vreven_bm55/cleaned/1GXD_AB.pdb,624,192,APSPIIKFPGDVAPKTDKELAVQYLNTFYGCPKESCNLFVLKDTLKKMQKFFGLPQTGDLDQNTIETMRKPRCGNPDVANYNFFPRKPKWDKNQITYRIIGYTPDLDPETVDDAFARAFQVWSDVTPLRFSRIHDGEADIMINFGRWEHGDGYPFDGKDGLLAHAFAPGTGVGGDSHFDDDELWTLGEGQVVRVKYGNADGEYCKFPFLFNGKEYNSCTDTGRSDGFLWCSTTYNFEKDGKYGFCPHEALFTMGGNAEGQPCKFPFRFQGTSYDSCTTEGRTDGYRWCGTTEDYDRDKKYGFCPETAMSTVGGNSEGAPCVFPFTFLGNKYESCTSAGRSDGKMWCATTANYDDDRKWGFCPDQGYSLFLVAAHAFGHAMGLEHSQDPGALMAPIYTYTKNFRLSQDDIKGIQELYGASPDTPTLGPVTPEICKQDIVFDGIAQIRGEIFFFKDRFIWRTVTPRDKPMGPLLVATFWPELPEKIDAVYEAPQEEKAVFFAGNEYWIYSASTLERGYPKPLTSLGLPPDVQRVDAAFNWSKNKKTYIFAGDKFWRYNEVKKKMDPGFPKLIADAWNAIPDNLDAVVDLQGGGHSYFFKGAYYLKLENQSLKSVKFGSIKSDWLGC,CSCSPVHPQQAFCNADVVIRAKAVSEKEVDSGNDIYGNPIKRIQYEIKQIKMFKGPEKDIEFIYTAPSSAVCGVSLDVGGKKEYLIAGKAEGDGKMHITLCDFIVPWDTLSTTQKKSLNHRYQMGCECKITRCPMIPCYISSPDECLWMDWVTEKNINGHQAKFFACIKRSDGSCAWYRGAAPPKQEFLDIE,7c08967c99178697,0b4ebb708f9ba2d5,,,-11.7,,Kastritis81,,EI,1.39,rigid,2445.0,4.0
1JTG,B,A,benchmarks/downloads/vreven_bm55/cleaned/1JTG_AB.pdb,262,165,HPETLVKVKDAEDQLGARVGYIELDLNSGKILESFRPEERFPMMSTFKVLLCGAVLSRIDAGQEQLGRRIHYSQNDLVEYSPVTEKHLTDGMTVRELCSAAITMSDNTAANLLLTTIGGPKELTAFLHNMGDHVTRLDRWEPELNEAIPNDERDTTMPVAMATTLRKLLTGELLTLASRQQLIDWMEAKVAGPLLRSALPAGWFIADKSGAGERGSRGIIAALGPDGKPSRIVVIYTTGSQATMDERNRQIAEIGASLIKHW,AGVMTGAKFTQIQFGMTRQQVLDIAGAENCETGGSFGDSIHCRGHAAGDYYAYATFGFTSAAADAKVDSKSQEKLLAPSAPTLTLAKFNQVTVGMTRAQVLATVGQGSCTTWSEYYPAYPSTAGVTLSLSCFDVDGYSSTGFYRGSAHLWFTDGVLQGKRQWDLV,4ff5110be5f21ba8,f26ea897d1c67fa6,,,-12.8,,Kastritis81,,EI,0.49,rigid,2600.0,4.0
1JWH,CD,A,benchmarks/downloads/vreven_bm55/cleaned/1JWH_AB.pdb,404,336,EVSWISWFCGLRGNEFFCEVDEDYIQDKFNLTGLNEQVPHYRQALDMILDLEPDEELEDNPNQSDLIEQAAEMLYGLIHARYILTNRGIAQMLEKYQQGDFGYCPRVYCENQPMLPIGLSDIPGEAMVKLYCPKCMDVYTPKSSRHHHTDGAYFGTGFPHMLFMVHPEYRPKRPANQFVPRLYGFKIHPMAYQLQLQAASSSSEEVSWISWFCGLRGNEFFCEVDEDYIQDKFNLTGLNEQVPHYRQALDMILDLEPDEELEDNPNQSDLIEQAAEMLYGLIHARYILTNRGIAQMLEKYQQGDFGYCPRVYCENQPMLPIGLSDIPGEAMVKLYCPKCMDVYTPKSSRHHHTDGAYFGTGFPHMLFMVHPEYRPKRPANQFVPRLYGFKIHPMAYQLQLQAAS,SGPVPSRARVYTDVNTHRPREYWDYESHVVEWGNQDDYQLVRKLGRGKYSEVFEAINITNNEKVVVKILKPVKKKKIKREIKILENLRGGPNIITLADIVKDPVSRTPALVFEHVNNTDFKQLYQTLTDYDIRFYMYEILKALDYCHSMGIMHRDVKPHNVMIDHEHRKLRLIDWGLAEFYHPGQEYNVRVASRYFKGPELLVDYQMYDYSLDMWSLGCMLASMIFRKEPFFHGHDNYDQLVRIAKVLGTEDLYDYIDKYNIELDPRFNDILGRHSRKRWERFVHSENQHLVSPEALDFLDKLLRYDHQSRLTAREAMEHPYFYTVVKDQARMGSS,1bafbd36d04ea596,5b94239357488ecb,,,-11.1,,Kastritis81,,ER,1.27,rigid,1452.0,4.0
1PPE,E,I,benchmarks/downloads/vreven_bm55/cleaned/1PPE_AB.pdb,223,29,IVGGYTCGANTVPYQVSLNSGYHFCGGSLINSQWVVSAAHCYKSGIQVRLGEDNINVVEGNEQFISASKSIVHPSYNSNTLNNDIMLIKLKSAASLNSRVASISLPTSCASAGTQCLISGWGNTKSSGTSYPDVLKCLKAPILSDSSCKSAYPGQITSNMFCAGYLEGGKDSCQGDSGGPVVCSGKLQGIVSWGSGCAQKNKPGVYTKVCNYVSWIKQTIASN,RVCPRILMECKKDSDCLAECVCLEHGYCG,fef138107d090c59,64d1ad9a052366a0,,,-15.6,,Kastritis81,,EI,0.44,rigid,1688.0,2.0
1R0R,E,I,benchmarks/downloads/vreven_bm55/cleaned/1R0R_AB.pdb,274,51,AQTVPYGIPLIKADKVQAQGFKGANVKVAVLDTGIQASHPDLNVVGGASFVAGEAYNTDGNGHGTHVAGTVAALDNTTGVLGVAPSVSLYAVKVLNSSGSGSYSGIVSGIEWATTNGMDVINMSLGGASGSTAMKQAVDNAYARGVVVVAAAGNSGNSGSTNTIGYPAKYDSVIAVGAVDSNSNRASFSSVGAELEVMAPGAGVYSTYPTNTYATLNGTSMASPHVAGAAALILSKHPNLSASQVRNRLSSTATYLGSSFYYGKGLINVEAAAQ,VDCSEYPKPACTLEYRPLCGSDNKTYGNKCNFCNAVVESNGTLTLSHFGKC,34b1ded61898cae5,f8ce6fb852159c2b,,,-14.2,,Kastritis81,,EI,0.45,rigid,1409.0,3.0
1US7,A,B,benchmarks/downloads/vreven_bm55/cleaned/1US7_AB.pdb,207,194,ASETFEFQAEITQLMSLIINTVYSNKEIFLRELISNASDALDKIRYKSLSDPKQLETEPDLFIRITPKPEQKVLEIRDSGIGMTKAELINNLGTIAKSGTKAFMEALSAGADVSMIGQFGVGFYSLFLVADRVQVISKSNDDEQYIWESNAGGSFTVTLDEVNERIGRGTILRLFLKDDQLEYLEEKRIKEVIKRHSEFVAYPIQLV,HKTFVEKYEKQIKHFGMLRRWDDSQKYLSDNVHLVCEETANYLVIWCIDLEVEEKCALMEQVAHQTIVMQFILELAKSLKVDPRACFRQFFTKIKTADRQYMEGFNDELEAFKERVRGRAKLRIEKAMKEYEEEERKKRLGPGGLDPVEVYESLPEELQKCMLQDAISKMDPTDAKYHMQRCIDSGLWVPNSKA,c7ca796ed7b3ac91,dcca2b9ed33f4825,,,-8.1,,Kastritis81,,ER,1.06,rigid,1095.0,4.0
2A9K,A,B,benchmarks/downloads/vreven_bm55/cleaned/2A9K_AB.pdb,170,207,ALHKVIMVGSGGVGKSALTLQFMYDEFVEDYEPTKADSYRKKVVLDGEEVQIDILDTAGQEDYAAIRDNYFRSGEGFLCVFSITEMESFAATADFREQILRVKEDENVPFLLVGNKSDLEDKRQVSVEEAKNRAEQWNVNYVETSAKTRANVDKVFFDLMREIRARKMED,TYQEFTNIDQAKAWGNAQYKKYGLSKSEKEAIVSYTKSASEINGKLRQNKGVINGFPSNLIKQVELLDKSFNKMKTPENIMLFRGDDPAYLGTEFQNTLLNSNGTINKTAFEKAKAKFLNKDRLEYGYISTSLMNVSQFAGRPIITKFKVAKGSKAGYIDPISAFAGQLEMLLPRHSTYHIDDMRLSSDGKQIIITATMMGTAINPK,019961cc47d3d213,fc0a3fa45dd0817f,,,-10.2,,Kastritis81,,ES,0.85,rigid,1751.0,4.0
2ABZ,B,E,benchmarks/downloads/vreven_bm55/cleaned/2ABZ_AB.pdb,301,60,STNTFNYATYHTLDEIYDFMDLLVAEHPQLVSKLQIGRSYEGRPIYVLKFSTGGSNRPAIWIDLGIHSREWITQATGVWFAKKFTEDYGQDPSFTAILDSMDIFLEIVTNPDGFAFTHSQNRLWRKTRSVTSLCVGVDANRNWDAGFGKAGASSSPCSETYHGKYANSEVEVKSIVDFVKDHGNFKAFLSIHSYSQLLLYPYGYTTQSIPDKTELNQVAKSAVAALKSLYGTSYKYGSIITTIYQASGGSIDWSYNQGIKYSFTFELRDTGRYGFLLPASQIIPTAQETWLGVLTIMEHTV,DESFLCYQPDQVCAFICRGAAPLPSEGECNPHPTAPWAREGAVEWVPYTGQCRTTCIPYV,db4ac1620cdb49d8,74a1cbc586a36b22,,,-11.7,,Kastritis81,,EI,0.9,rigid,1443.0,4.0
2MTA,HL,A,benchmarks/downloads/vreven_bm55/cleaned/2MTA_AB.pdb,498,105,TDPRAKWVPQDNDIQACDYWRHCSIDGNICDCSGGSLTNCPPGTKLATASWVASCYNPTDGQSYLIAYRDCCGYNVSGRCPCLNTEGELPVYRPEFANDIIWCFGAEDDAMTYHCTISPIVGKASQGQAAARAAAADLAAGQDDEPRILEAPAPDARRVYVNDPAHFAAVTQQFVIDGEAGRVIGMIDGGFLPNPVVADDGSFIAHASTVFSRIARGERTDYVEVFDPVTLLPTADIELPDAPRFLVGTYPWMTSLTPDGKTLLFYQFSPAPAVGVVDLEGKAFKRMLDVPDCYHIFPTAPDTFFMHCRDGSLAKVAFGTEGTPEITHTEVFHPEDEFLINHPAYSQKAGRLVWPTYTGKIHQIDLSSGDAKFLPAVEALTEAERADGWRPGGWQQVAYHRALDRIYLLVDQRDEWRHKTASRFLVVLDAKTGERLAKFEMGHEIDSINVSQDEKPLLYALSTGDKTLYIHDAESGEELRSVNQLGHGPQVITTADMG,DKATIPSESPFAAAEVADGAIVVDIAKMKYETPELHVKVGDTVTWINREAMPHNVHFVAGVLGEAALKGPMMKKEQAYSLTFTEAGTYDYHCTPHPFMRGKVVVE,146affad52dbfe6a,784cbe6d8ecfdd45,,,-7.4,,Kastritis81,,ES,0.41,rigid,1461.0,2.0
2OOB,A,B,benchmarks/downloads/vreven_bm55/cleaned/2OOB_AB.pdb,44,72,LENVDAKIAKLMGEGYAFEEVKRALEIAQNNVEVARSILREFAF,MQIFVKTLTGKTITLEVEPSDTIENVKAKIQDKEGIPPDQQRLIFAGKQLEDGRTLSDYNIQKESTLHLVLR,7d2747501fbc62b8,f80637236ecf7f46,,,-5.7,,Kastritis81,,ES,0.85,rigid,808.0,3.0
2PCC,A,B,benchmarks/downloads/vreven_bm55/cleaned/2PCC_AB.pdb,294,108,TTPLVHVASVEKGRSYEDFQKVYNAIALKLREDDEYDNYIGYGPVLVRLAWHISGTWDKHDNTGGSYGGTYRFKKEFNDPSNAGLQNGFKFLEPIHKEFPWISSGDLFSLGGVTAVQEMQGPKIPWRCGRVDTPEDTTPDNGRLPDADKDAGYVRTFFQRLNMNDREVVALMGAHALGKTHLKNSGYEGPWGAANNVFTNEFYLNLLNEDWKLEKNDANNEQWDSKSGYMMLPTDYSLIQDPKYLSIVKEYANDQDKFFKDFSKAFEKLLENGITFPKDAPSPFIFKTLEEQGL,TEFKAGSAKKGATLFKTRCLQCHTVEKGGPHKVGPNLHGIFGRHSGQAEGYSYTDANIKKNVLWDENNMSEYLTNPKKYIPGTKMAFGGLKKEKDRNDLITYLKKACE,c4a5bab1e4ab5888,d2e1b051cf7cb0e4,,,-7.9,,Kastritis81,,ES,0.39,rigid,1141.0,2.0
4CPA,A,I,benchmarks/downloads/vreven_bm55/cleaned/4CPA_AB.pdb,307,36,ARSTNTFNYATYHTLDEIYDFMDLLVAQHPELVSKLQIGRSYEGRPIYVLKFSTGGSNRPAIWIDLGIHSREWITQATGVWFAKKFTENYGQNPSFTAILDSMDIFLEIVTNPNGFAFTHSENRLWRKTRSVTSSSLCVGVDANRNWDAGFGKAGASSSPCSETYHGKYANSEVEVKSIVDFVKNHGNFKAFLSIHSYSQLLLYPYGYTTQSIPDKTELNQVAKSAVAALKSLYGTSYKYGSIITTIYQASGGSIDWSYNQGIKYSFTFELRDTGRYGFLLPASQIIPTAQETWLGVLTIMEHTVNN,HADPICNKPCKTHDDCSGAWFCQACWNSARTCGPYV,787d441b07c107b6,c02b6304f9678ed8,,,-11.3,,Kastritis81,,EI,0.62,rigid,1175.0,4.0
1A2K,C,AB,benchmarks/downloads/vreven_bm55/cleaned/1A2K_AB.pdb,248,196,KPIWEQIGSSFIQHYYQLFDNDRTQLGAIYIDASCLTWEGQQFQGKAAIVEKLSSLPFQKIQHSITAQDHQPTPDSCIISMVVGQLKADEDPIMGFHQMFLLKNINDAWVCTNDMFRLALHNFGKPIWEQIGSSFIQHYYQLFDNDRTQLGAIYIDASCLTWEGQQFQGKAAIVEKLSSLPFQKIQHSITAQDHQPTPDSCIISMVVGQLKADEDPIMGFHQMFLLKNINDAWVCTNDMFRLALHNFG,QVQFKLVLVGDGGTGKTTFVKRHLTGEFEKKYVATLGVEVHPLVFHTNRGPIKFNVWDTAGQEKFGGLRDGYYIQAQCAIIMFDVTSRVTYKNVPNWHRDLVRVCENIPIVLCGNKVDIKDRKVKAKSIVFHRKKNLQYYDISAKSNYNFEKPFLWLARKLIGDPNLEFVAMPALAPPEVVMDPALAAQYEHDLEV,f5e4cb9a669adf47,cedbced5c00eba40,,,-9.3,,Kastritis81,,OG,1.11,rigid,1603.0,2.0
1AK4,A,D,benchmarks/downloads/vreven_bm55/cleaned/1AK4_AB.pdb,165,145,MVNPTVFFDIAVDGEPLGRVSFELFADKVPKTAENFRALSTGEKGFGYKGSCFHRIIPGFMCQGGDFTRHNGTGGKSIYGEKFEDENFILKHTGPGILSMANAGPNTNGSQFFICTAKTEWLDGKHVVFGKVKEGMNIVEAMERFGSRNGKTSKKITIADCGQLE,PIVQNLQGQMVHQAISPRTLNAWVKVVEEKAFSPEVIPMFSALSEGATPQDLNTMLNTVGGHQAAMQMLKETINEEAAEWDRLHPVHAGPIAPGQMREPRGSDIAGTTSTLQEQIGWMTHNPPIPVGEIYKRWIILGLNKIVRMY,71376b3a50a1cc06,af0457660b9685e6,,,-6.4,,Kastritis81,,OX,0.87,rigid,1029.0,2.0
1AKJ,AB,DE,benchmarks/downloads/vreven_bm55/cleaned/1AKJ_AB.pdb,374,228,GSHSMRYFFTSVSRPGRGEPRFIAVGYVDDTQFVRFDSDAASQRMEPRAPWIEQEGPEYWDGETRKVKAHSQTHRVDLGTLRGYYNQSEAGSHTVQRMYGCDVGSDWRFLRGYHQYAYDGKDYIALKEDLRSWTAADMAAQTTKHKWEAAHVAEQLRAYLEGTCVEWLRRYLENGKETLQRTDAPKTHMTHHAVSDHEATLRCWALSFYPAEITLTWQRDGEDQTQDTELVETRPAGDGTFQKWAAVVVPSGQEQRYTCHVQHEGLPKPLTLRWEPQRTPKIQVYSRHPAENGKSNFLNCYVSGFHPSDIEVDLLKNGERIEKVEHSDLSFSKDWSFYLLYYTEFTPTEKDEYACRVNHVTLSQPKIVKWDRDM,SQFRVSPLDRTWNLGETVELKCQVLLSNPTSGCSWLFQPRGAAASPTFLLYLSQNKPKAAEGLDTQRFSGKRLGDTFVLTLSDFRRENEGYYFCSALSNSIMYFSHFVPVFLPASQFRVSPLDRTWNLGETVELKCQVLLSNPTSGCSWLFQPRGAAASPTFLLYLSQNKPKAAEGLDTQRFSGKRLGDTFVLTLSDFRRENEGYYFCSALSNSIMYFSHFVPVFLPA,014a72bb541bd216,55b209a15dcbc6fe,,,-5.3,,Kastritis81,,OX,1.14,rigid,1995.0,2.0
1E96,A,B,benchmarks/downloads/vreven_bm55/cleaned/1E96_AB.pdb,178,185,PQAIKCVVVGDGAVGKTCLLISYTTNAFPGEYIPTVFDNYSANVMVDGKPVNLGLWDTAGLEDYDRLRPLSYPQTDVFLICFSLVSPASFENVRAKWYPEVRHHCPNTPIILVGTKLDLRDDKDTIEKLKEKKLTPITYPQGLAMAKEIGAVKYLECSALTQRGLKTVFDEAIRAVLC,SLVEAISLWNEGVLAADKKDWKGALDAFSAVQDPHSRICFNIGCMYTILKNMTEAEKAFTRSINRDKHLAVAYFQRGMLYYQTEKYDLAIKDLKEALIQLRGNQLIDYKILGLQFKLFACEVLYNIAFMYAKKEEWKKAEEQLALATSMKSEPRHSKIDKAMECVWKQKLYEPVVIPVGKLFRPN,33574090ffe01b09,e28d67e5c131c715,,,-7.4,,Kastritis81,,OG,0.71,rigid,1179.0,2.0
1EFN,B,A,benchmarks/downloads/vreven_bm55/cleaned/1EFN_AB.pdb,104,57,RPQVPLRPMTYKAAVDLSHFLKEKGGLEGLIHSQRRQDILDLWIYHTQGYFPDWQNYTPGPGVRYPLTFGWCYKLVPVREVLEWRFDSRLAFHHVARELHPEYF,ALFVALYDYEAITEDDLSFHKGEKFQILNSSEGDWWEARSLTTGETGYIPSNYVAPV,8a0d679b3d3128c7,52321486d2b3b3d8,,,-10.1,,Kastritis81,,OX,0.77,rigid,1254.0,3.0
1FFW,A,B,benchmarks/downloads/vreven_bm55/cleaned/1FFW_AB.pdb,128,68,ADKELKFLVVDDFSTMRRIVRNLLKELGFNNVEEAEDGVDALNKLQAGGYGFVISDWNMPNMDGLELLKTIRADGAMSALPVLMVTAEAKKENIIAAAQAGASGYVVKPFTAATLEEKLNKIFEKLGM,ARRIILSRLKAGEVDLLEEELGHLTTLTDVVKGADSLSAILPGDIAEDDITAVLCFVIEADQITFETV,53b53a21d59a664e,2675f57ca93307d7,,,-8.1,,Kastritis81,,OX,1.43,rigid,1166.0,4.0
1GCQ,B,C,benchmarks/downloads/vreven_bm55/cleaned/1GCQ_AB.pdb,57,69,TYVQALFDFDPQEDGELGFRRGDFIHVMDNSDPNWWKGACHGQTGMFPRNYVTPVNR,GSHMPKMEVFQEYYGIPPPPGAFGPFLRLNPGDIVELTKAEAEHNWWEGRNTATNEVGWFPCNRVHPYV,b1f79930623f0863,428ba777003e69b2,,,-6.5,,Kastritis81,,OX,0.92,rigid,1208.0,2.0
1I4D,D,AB,benchmarks/downloads/vreven_bm55/cleaned/1I4D_AB.pdb,373,177,SRTVDLELELQIELLRETKRKYESVLQLGRALTAHLYSLLQTQHALGDAFADLSQKSPELQEEFGYNAETQKLLCKNGETLLGAVNFFVSSINTLVTKTMEDTLMTVKQYEAARLEYDAYRTDLEELSESAQATFQAHRDKYEKLRGDVAIKLKFLEENKIKVMHKQLLLFHNAVSAYFAGNQKQLEQVDLELELQIELLRETKRKYESVLQLGRALTAHLYSLLQTQHALGDAFADLSQKSPELQEEFGYNAETQKLLCKNGETLLGAVNFFVSSINTLVTKTMEDTLMTVKQYEAARLEYDAYRTDLEESAQATFQAHRDKYEKLRGDVAIKLKFLEENKIKVMHKQLLLFHNAVSAYFAGNQKQLEQTLQ,QAIKCVVVGDGAVGKTCLLISYTTNAFPGEYIPTVFDNYSANVMVDGKPVNLGLWDTAGQEDYDRLRPLSYPQTDVFLICFSLVSPASFENVRAKWYPEVRHHCPNTPIILVGTKLDLRDDKDTIEKLKEKKLTPITYPQGLAMAKEIGAVKYLECSALTQRGLKTVFDEAIRAVLC,0e7b77da4fef5ac3,8d68461f017a5fe0,,,-7.5,,Kastritis81,,OG,1.41,rigid,1657.0,2.0
1J2J,A,B,benchmarks/downloads/vreven_bm55/cleaned/1J2J_AB.pdb,165,41,GSMRILMVGLDAAGKTTILYKLKLGEIVTTIPTIGFNVETVEYKNISFTVWDVGGLDKIRPLWRHYFQNTQGLIFVVDSNDRERVNEAREELMRMLAEDELRDAVLLVFANKQDLPNAMNAAEITDKLGLHSLRHRNWYIQATCATSGDGLYEGLDWLSNQLRNQ,IFEDEEKSKMLARLLKSSHPEDLRAANKLIKEMVQEDQKRM,0b5be1b5a4d8d9a0,4c9e35b61772fa91,,,-8.1,,Kastritis81,,OG,0.63,rigid,1209.0,3.0
1KAC,A,B,benchmarks/downloads/vreven_bm55/cleaned/1KAC_AB.pdb,185,124,TPYDPLTLWTTPDPPPNCSLIQELDAKLTLCLTKNGSIVNGIVSLVGVKGNLLNIQSTTTTVGVHLVFDEQGRLITSTPTALVPQASWGYRQGQSVSTNTVTNGLGFMPNVSAYPRPNASEAKSQMVSLTYLQGDTSKPITMKVAFNGITSLNGYSLTFMWSGLSNYINQPFSTPSCSFSYITQE,GITTPEEMIEKAKGETAYLPCKFTLSPEDQGPLDIEWLISPADNQKVDQVIILYSGDKIYDDYYPDLKGRVHFTSNDLKSGDASINVTNLQLSDIGTYQCKVKKAPGVANKKIHLVVLVKPSGA,4e3402c77bcfe78b,d8ab2ee2b72494b0,,,-10.7,,Kastritis81,,OR,0.95,rigid,1456.0,2.0
1KTZ,A,B,benchmarks/downloads/vreven_bm55/cleaned/1KTZ_AB.pdb,82,106,ENCCVRPLYIDFRQDLGWKWVHEPKGYYANFCSGPCPYLRSASASPCCVPQDLEPLTILYYVGRTPKVEQLSNMVVKSCKCS,PQLCKFCDVRFSTCDNQKSCMSNCSITSICEKPQEVCVAVWRKNDENITLETVCHDPKLPYHDFILEDAASPKCIMKEKKKPGETFFMCSCSSDECNDNIIFSEEY,9e7913a956d86a62,0fc7764b07092148,,,-8.9,,Kastritis81,,OR,0.39,rigid,989.0,2.0
1PVH,A,B,benchmarks/downloads/vreven_bm55/cleaned/1PVH_AB.pdb,201,169,GLPPEKPKNLSCIVNEGKKMRCEWDGGRETHLETNFTLKSEWATHKFADCKAKRDTPTSCTVDYSTVYFVNIEVWVEAENALGKVTSDHINFDPVYKVKPNPPHNLSVINSEELSSILKLTWTNPSIKSVIILKYNIQYRTKDASTWSQIPPEDTASTRSSFTVQDLKPFTEYVFRIRCMKEDGKGYWSDWSEEASGITYE,CAIRHPCHNNLMNQIRSQLAQLNGSANALFILYYTAQGEPFPNNLDKLCGPNVTDFPPFHANGTEKAKLVELYRIVVYLGTSLGNITRDQKILNPSALSLHSKLNATADILRGLLSNVLCRLCSKYHVGHVDVTYGPDTSGKDVFQKKKLGCQLLGKYKQIIAVLAQAF,1690d637d6535ebd,f85ea3881629e595,,,-9.5,,Kastritis81,,OR,0.34,rigid,1403.0,4.0
1QA9,A,B,benchmarks/downloads/vreven_bm55/cleaned/1QA9_AB.pdb,102,95,TNALETWGALGQDINLDIPSFQMSDDIDDIKWEKTSDKKKIAQFRKEKETFKEKDTYELLKNGALKIKHLKTDDQDIYKVSIYDTKGKNVLEKIFDLKIQER,SSQQIYGVKYGNVTFHVPSNQPLKEVLWKKQKDKVAELENSEFRAFSSFKNRVYLDTKSGSLTIYNLTSSDEDEYEMESPNITDSMKFFLYVGES,5c81d682d2ffb1bc,1129c3c8bd12eccd,,,-7.2,,Kastritis81,,OX,0.73,rigid,1353.0,2.0
1S1Q,A,B,benchmarks/downloads/vreven_bm55/cleaned/1S1Q_AB.pdb,137,71,VSESQLKKVSKYKYRDLTVRETVNVITLYKDLKPVLDSYVFNDGSSRELNLTGTIPVPYRGNTYNIPICLWLLDTYPYNPPICFVKPTSSTIKTGKHVDANGKIYLPYLHEWKHPQSDLLGLIQVIVVFGDEPPVFS,QIFVKTLTGKTITLEVEPSDTIENVKAKIQDKEGIPPDQQRLIFAGKQLEDGRTLSDYNIQKESTLHLVLR,c4f58294b97ef6a0,8398fa368dba9ea0,,,-4.3,,Kastritis81,,OX,0.98,rigid,1288.0,3.0
1XU1,ABD,T,benchmarks/downloads/vreven_bm55/cleaned/1XU1_AB.pdb,411,39,KHSVLHLVPVNITSKADSDVTEVMWQPVLRRGRGLEAQGDIVRVWDTGIYLLYSQVLFHDVTFTMGQVVSREGQGRRETLFRCIRSMPSDPDRAYNSCYSAGVFHLHQGDIITVKIPRANAKLSLSPHGTFLGFVKLKHSVLHLVPVNITSKADSDVTEVMWQPVLRRGRGLEAQGDIVRVWDTGIYLLYSQVLFHDVTFTMGQVVSREGQGRRETLFRCIRSMPSDPDRAYNSCYSAGVFHLHQGDIITVKIPRANAKLSLSPHGTFLGFVKLKHSVLHLVPVNITSKADSDVTEVMWQPVLRRGRGLEAQGDIVRVWDTGIYLLYSQVLFHDVTFTMGQVVSREGQGRRETLFRCIRSMPSDPDRAYNSCYSAGVFHLHQGDIITVKIPRANAKLSLSPHGTFLGFVKL,CRKEQGKFYDHLLRDCISCASICGQHPKQCAYFCENKLR,6f00b4395e5e1e41,aa9600fb4cf74db0,,,-11.2,,Kastritis81,,OR,1.3,rigid,1697.0,4.0
1Z0K,A,B,benchmarks/downloads/vreven_bm55/cleaned/1Z0K_AB.pdb,169,61,TYDFLFKFLVIGNAGTGKSCLLHQFIEKKFKDDSNHTIGVEFGSKIINVGGKYVKLQIWDTAGLERFRSVTRSYYRGAAGALLVYDITSRETYNALTNWLTDARMLASQNIVIILCGNKKDLDADREVTFLEASRFAQENELMFLETSALTGEDVEEAFVQCARKILNK,EGWLPLSGGQGQSEDSDPLLQQIHNITSFIRQAKAAGRMDEVRTLQENLRQLQDEYDQQQT,68c6bdb24d4464ef,b816a9d0b3c7fb18,,,-7.0,,Kastritis81,,OG,0.53,rigid,1787.0,3.0
1ZHI,A,B,benchmarks/downloads/vreven_bm55/cleaned/1ZHI_AB.pdb,195,125,GWEIITTDEQGNIIDGGTEHYLKRSSDGIKLGRGDSVVMHNEAAGTYSVYMIQELRLNTLNNVVELWALTYLRWFEVNPLAHYRQFNPDANILNRPLNYYNKLFSETANKNELYLTAELAELQLFNFIRVANVMDGSKWEVLKGNVDPERDFTVRYICEPTGEKFVDINIEDVKAYIKKVEPREAQEYLKDLTLP,EEYVSPRFLVADGFLIDLAEEKPINPKDPRLLTLLKDHQRAMIDQMNLVKWNDFKKYQDPIPLKAKTLFKFCKQIKKKFLRGADFKLHTLPTEANLKYEPERMTVLASCVPILLDDQTVQYLYDD,310b0627a1881377,73e6cf5df39834c8,,,-9.1,,Kastritis81,,OX,0.68,rigid,1322.0,3.0
2AJF,A,E,benchmarks/downloads/vreven_bm55/cleaned/2AJF_AB.pdb,597,174,STIEEQAKTFLDKFNHEAEDLFYQSSLASWNYNTNITEENVQNMNNAGDKWSAFLKEQSTLAQMYPLQEIQNLTVKLQLQALQQNGSSVLSEDKSKRLNTILNTMSTIYSTGKVCNPDNPQECLLLEPGLNEIMANSLDYNERLWAWESWRSEVGKQLRPLYEEYVVLKNEMARANHYEDYGDYWRGDYEVNGVDGYDYSRGQLIEDVEHTFEEIKPLYEHLHAYVRAKLMNAYPSYISPIGCLPAHLLGDMWGRFWTNLYSLTVPFGQKPNIDVTDAMVDQAWDAQRIFKEAEKFFVSVGLPNMTQGFWENSMLTDPGNVQKAVCHPTAWDLGKGDFRILMCTKVTMDDFLTAHHEMGHIQYDMAYAAQPFLLRNGANEGFHEAVGEIMSLSAATPKHLKSIGLLSPDFQEDNETEINFLLKQALTIVGTLPFTYMLEKWRWMVFKGEIPKDQWMKKWWEMKREIVGVVEPVPHDETYCDPASLFHVSNDYSFIRYYTRTLYQFQFQEALCQAAKHEGPLHKCDISNSTEAGQKLFNMLRLGKSEPWTLALENVVGAKNMNVRPLLNYFEPLFTWLKDQNKNSFVGWSTDWSPYAD,CPFGEVFNATKFPSVYAWERKKISNCVADYSVLYNSTFFSTFKCYGVSATKLNVYADSFVVKGDDVRQIAPGQTGVIADYNYKLPDDFMGCVLAWNTRNIDATSTGNYNYKYRYLRHGKLRPFERDISNVPFSPDGKPCTPPALNCYWPLNDYGFYTTTGIGYQPYRVVVLSFE,f5082d81b27b53df,ce358ba9311fc770,,,-10.6,,Kastritis81,,OR,0.65,rigid,1704.0,3.0
2FJU,B,A,benchmarks/downloads/vreven_bm55/cleaned/2FJU_AB.pdb,696,177,PKVKAYLSQGERFIKWDDETTVASPVILRVDPKGYYLYWTYQSKEMEFLDITSIRDTRFGKFAKMPKSQKLRDVFNMDFPDNSFLLKTLTVVSGPDMVDLTFHNFVSYKENVGKAWAEDVLALVKHPLTANASRSTFLDKILVKLKMQLNSEGKIPVKNFFQMFPADRKRVEAALSACHLPKGKNDAINPEDFPEPVYKSFLMSLCPRPEIDEIFTSYMTKEHLTKFINQKQRDQGLIDKYEPSGQLSPEGMVWFLCGPENSVLAQDKLLLHHDMTQPLNHYFINSSHNTYLTAGQFSGLSSAEMYRQVLLSGCRCVELDCWKGKPPDEEPIITHGFTMTTDIFFKEAIEAIAESAFKTSPYPIILSFENHVDSPRQQAKMAEYCRTIFGDMLLTEPLEKFPLKPGVPLPSPEDLRGKILIKNKKEESGNLDEEEIKKMQSDEGTAGLEVTAYEEMSSLVNYIQPTKFVSFEFSAQKNRSYVISSFTELKAYDLLSKASVQFVDYNKRQMSRIYPKGTRMDSSNYMPQMFWNAGCQMVALNFQTMDLPMQQNMAVFEFNGQSGYLLKHEFMRRPTTLSITVISGQFLSERSVRTYVEVELFGLPGDPKRRYRTKLSPSTNSINPVWKEEPFVFEKILMPELASLRVAVMEEGNKFLGHRIIPINALNSGYHHLCLHSESNMPLTMPALFIFLEMKD,MQAIKCVVVGDGAVGKTCLLISYTTNAFPGEYIPTVFDNYSANVMVDGKPVNLGLWDTAGQEDYDRLRPLSYPQTDVFLICFSLVSPASFENVRAKWYPEVRHHCPNTPIILVGTKLDLRDDKDTIEKLKEKKLTPITYPQGLAMAKEIGAVKYLECSALTQRGLKTVFDEAIRAVL,1fb817c6105757b8,764d1949aab5e31e,,,-7.2,,Kastritis81,,OG,1.04,rigid,1245.0,4.0
2HQS,A,H,benchmarks/downloads/vreven_bm55/cleaned/2HQS_AB.pdb,412,108,VRIVIDSGVDSGRPIGVVPFQWAGPGAAPEDIGGIVAADLRNSGKFNPLDRARLPQQPGSAQEVQPAAWSALGIDAVVVGQVTPNPDGSYNVAYQLVDTGGAPGTVLAQNSYKVNKQWLRYAGHTASDEVFEKLTGIKGAFRTRIAYVVQTNGGQFPYELRVSDYDGYNQFVVHRSPQPLMSPAWSPDGSKLAYVTFESGRSALVIQTLANGAVRQVASFPRHNGAPAFSPDGSKLAFALSKTGSLNLYVMDLASGQIRQVTDGRSNNTEPTWFPDSQNLAFTSDQAGRPQVYKVNINGGAPQRITWEGSQNQDADVSSDGKFMVMVSSNGGQQHIAKQDLATGGVQVLSSTFLDETPSLAPNGTMVIYSSSQGMGSVLNLVSTDGRFKARLPATDGQVKFPAWSPYLHHHH,QNNIVYFDLDKYDIRSDFAQMLDAHANFLRSNPSYKVTVEGHADERGTPEYNISLGERRANAVKMYLQGKGVSADQISIVSYGKEKPAVLGHDEAAYSKNRRAVLVYL,5039b867fc26ba5c,c5b07e3807d027c7,,,-10.2,,Kastritis81,,OX,0.97,rigid,2333.0,3.0
2DD8,HL,S,benchmarks/downloads/vreven_bm55/cleaned/2DD8_AB.pdb,432,192,VQLQQSGAEVKKPGSSVKVSCKASGGTFSSYTISWVRQAPGQGLEWMGGITPILGIANYAQKFQGRVTITTDESTSTAYMELSSLRSEDTAVYYCARDTVMGGMDVWGQGTTVTVSSASTKGPSVFPLAPSSKSTSGGTSALGCLVKDYFPEPVTVSWNSGALTSGVHTFPAVLQSSGLYSLSSVVTVPSSSLGTQTYICNVNHKPSNTKVDKKVEPKSCSYELTQPPSVSVAPGKTARITCGGNNIGSKSVHWYQQKPGQAPVLVVYDDSDRPSGIPERFSGSNSGNTATLTISRVEAGDEADYYCQVWDSSSDYVFGTGTKVTVLGQPKANPTVTLFPPSSEEFQANKATLVCLISDFYPGAVTVAWKADGSPVKAGVETTKPSKQSNNKYAASSYLSLTPEQWKSHRSYSCQVTHEGSTVEKTVAPTEC,NLCPFGEVFNATKFPSVYAWERKKISNCVADYSVLYNSTFFSTFKCYGVSATKLNDLCFSNVYADSFVVKGDDVRQIAPGQTGVIADYNYKLPDDFMGCVLAWNTRNIDATSTGNYNYKYRYLRHGKLRPFERDISNVPFSPDGKPCTPPALNCYWPLNDYGFYTTTGIGYQPYRVVVLSFELLNAPATVCG,597a042578c2fbf9,553e8ae904f834bb,,,-10.5,20.0,PierceAbAg,,AA,2.19,medium,1710.0,5.5
3G6D,LH,A ,benchmarks/downloads/vreven_bm55/cleaned/3G6D_AB.pdb,433,106,SYELTQPPSVSVAPGQTARISCSGDNIGGTFVSWYQQKPGQAPVLVIYDDNDRPSGIPERFSGSNSGNTATLTISGTQAEDEADYYCGTWDMVTNNVFGGGTKLTVLGQPKAAPSVTLFPPSSEELQANKATLVCLISDFYPGAVTVAWKADSSPVKAGVETTTPSKQSNNKYAASSYLSLTPEQWKSHRSYSCQVTHEGSTVEKTVAPTQVQLVESGGGLVQPGGSLRLSCAASGFTFNSYWINWVRQAPGKGLEWVSGIAYDSSNTLYADSVKGRFTISRDNSKNTLYLQMNSLRAEDTAVYYCARGLGAFHWDMQPDYWGQGTLVTVSSASTKGPSVFPLAPSSKSTSGGTAALGCLVKDYFPEPVTVSWNSGALTSGVHTFPAVLQSSGLYSLSSVVTVPSSSLGTQTYICNVNHKPSNTKVDKKVEPK,VPPSTALRELIEELVNITQNQKAPLCNGSMVWSINLTAGMYCAALESLINVSGCSAIEKTQRMLSGFCPHKVSAGQFSSLHVRDTKIEVAQFVKDLLLHLKKLFRE,9e8b0ac9e2e96512,812b86163fb4ae00,,,-14.65,0.0184,PierceAbAg,,AA,1.86,medium,1793.0,5.0
3HI6,XY,B ,benchmarks/downloads/vreven_bm55/cleaned/3HI6_AB.pdb,426,180,EVQLLESGGGLVQPGGSLRLSCAASGFTFSRYVMWWVRQAPGKGLEWVSYIWPSGGNTYYADSVKGRFTISRDNSKNTLYLQMNSLRAEDTAVYYCASSYDFWSNAFDIWGQGTMVTVSSASTKGPSVFPLAPSTSESTAALGCLVKDYFPEPVTVSWNSGALTSGVHTFPAVLQSSGLYSLSSVVTVPSSSLGTKTYTCNVDHKPSNTKVDKRVESIQMTQSPSSLSASVGDRVTITCRASQSIGSYLNWYQQKTGKAPKALIYAASSLQSGVPSRFSGSGSGTDFTLTISSLQLEDFATYYCQQSYSTPSFGQGTKVEIKRTVAAPSVFIFPPSDEQLKSGTASVVCLLNNFYPREAKVQWKVDNALQSGNSQESVTEQDSKDSTYSLSSTLTLSKADYEKHKVYACEVTHQGLSSPVTKSFNR,GNVDLVFLFDGSMSLQPDEFQKILDFMKDVMKKCSNTSYQFAAVQFSTSYKTEFDFSDYVKWKDPDALLKHVKHMLLLTNTFGAINYVATEVFREELGARPDATKVLIIITDGEATDSGNIDAAKDIIRYIIGIGKHFQTKESQETLHKFASKPASEFVKILDTFEKLKDLCTELQKKIY,7ab888f04bc3ed54,1ba25c4aecbaef68,,,-7.27,4700.0,PierceAbAg,,AA,1.65,medium,1871.0,5.0
3L5W,LH,I ,benchmarks/downloads/vreven_bm55/cleaned/3L5W_AB.pdb,436,101,DVQITQSPSYLAASPGETITLNCRASKSISKYLAWYQEKPGKTNKLLIYSGSTLQSGIPSRFSGSGSGTDFTLTISSLEPEDFAMYFCQQHNEYPYTFGGGTKLEIKRTVAAPSVFIFPPSDEQLKSGTASVVCLLNNFYPREAKVQWKVDNALQSGNSQESVTEQDSKDSTYSLSSTLTLSKADYEKHKVYACEVTHQGLSSPVTKSFNRGEQVTLKESGPGILQPSQTLSLTCSFSGFSLSTYGMGVGWIRQPSGKGLEWLAHIWWDDVKRYNPALKSRLTISKDTSGSQVFLKIASVDTSDTATYYCARMGSDYDVWFDYWGQGTLVTVSAASTKGPSVFPLAPSSKSTSGGTAALGCLVKDYFPEPVTVSWNSGALTSGVHTFPAVLQSSGLYSLSSVVTVPSSSLGTQTYICNVNHKPSNTKVDKKVEPKS,STALRELIEELVNITQAPLCNGSMVWSINLTAGMYCAALESLINVSGCSAIEKTQRMLSGFCPHKVSAGQFSSLHVRDTKIEVAQFVKDLLLHLKKLFREG,f5b41e7140c5b681,b9034f0759899904,,,-14.01,0.54,PierceAbAg,,AA,0.48,rigid,1138.0,5.0
3V6Z,AB,F ,benchmarks/downloads/vreven_bm55/cleaned/3V6Z_AB.pdb,440,148,EVQLVESGGDLVKPGGSLKLSCAASGFTFSSYGMSWVRQTPDKRLEWVATISSGGNYIYYPDTVKGRFTISRDNAKNTLYLQMSSLKSEDTAMYYCTREGAYSGSSSYPMDYWGQGTSVTVSSAKTTPPSVYPLAPDTTGSSVTLGCLVKGYFPESVTVTWNSGSLSSSVHTFPALLQSGLYTMSSSVTVPSSTWPSQTVTCSVAHPASSTTVDKKLEPSGNIMMTQSPSSLAVSAGEKVTMNCKSSQSVLYSSNQKNYLAWYQQKPGQSPKLLIYWASTRESGVPDRFTGSGSGTDFTLTISSVQTEDLAVYYCHQYLSSYMYTFGGGTKLEIKRADAAPTVSIFPPSSEQLTSGGASVVCFLNNFYPKDINVKWKIDGSERQNGVLNSWTDQDSKDSTYSMSSTLTLTKDEYERHNSYTCEATHKTSTSPIVKSFNRN,CLGWLWGMDIDPYKEFGATVELLSFLPSDFFPSVRDLLDTAAALYRDALESPEHASPHHTALRQAILCWGDLMTLATWVGTNLEDPASRDLVVSYVNTNVGLKFRQLLWFHISALTFGRETVLEYLVSFAVWIRTPPAYRPPNAPILS,7afb0c00977a24c7,0fa351293b83bd4f,,,-11.57,3.3,PierceAbAg,,AA,1.83,medium,1922.0,5.0
4ETQ,HL,C,benchmarks/downloads/vreven_bm55/cleaned/4ETQ_AB.pdb,427,225,QVQLQQSGPELVKPGASVKISCKASGYSFNFYWMHWVKQRPGQGLEWIGMIDPSESESRLNQKFKDKATLTVDRSSSTAHMQLSSPTSEDSAVYYCTRSNYRYDYFDVWGAGTTVTVSSAKTTAPSVYPLAPVCGSSVTLGCLVKGYFPEPVTLTWNSGSLSSGVHTFPAVLQSDLYTLSSSVTVTSSTWPSQSITCNVAHPASSTKVDKKIEPRQIVLTQSPAIMSAFPGESVTMTCSASSSVSYMYWYQQKPGSSPRLLIYDTSNLASGVPVRFSGSGSGTSYSLTINRLEAEDGATYYCQQWTSYPLTFGAGTKLELKRADAAPTVSIFPPSSEQLTSGGASVVCFLNNFYPKDINVKWKIDGSERQNGVLNSWTDQDSKDSTYSMSSTLTLTKDEYERHNSYTCEATHKTSTSPIVKSFNRNE,QQLSPINIETKKAISNARLKPLDIHYNESKPTTIQNTGKLVRINFKGGYISGGFLPNEYVLSSLHIYWGKEDDYGSNHLIDVYKYSGEINLVHWNKKKYSSYEEAKKHDDGLIIISIFLQVLDHKNVYFQKIVNQLDSIRSANTSAPFDSVFYLDNLLPSKLDYFTYLGTTINHSADAVWIIFPTPINIHSDQLSKFRTLLSLYITENYRNPYKLNDDTEVYYSG,a9c31cf85d708549,b6d379bdd3fce5fe,,,-13.29,0.18,PierceAbAg,,AA,0.47,rigid,2278.0,5.5
4POU,B,A,benchmarks/downloads/vreven_bm55/cleaned/4POU_AB.pdb,120,120,QVQLVESGGGLVQAGSLRLSCAASGYPHPYLHMGWFRQAPGKEREGVAAMDSGGGGTLYADSVKGRFTISRDKGKNTVYLQMDSLKPEDTATYYCAAGGYQLRDRTYGHWGQGTQVTVSS,KETAAAKFERQHMDSSTSSNYCNQMMKSRNLTKDRCKPVNTFVHESLADVQAVCSQKNVACKNGQTNCYQSYSTMSITDCRETGSSKYPNCAYKTTQANKHIIVACEGNPYVPVHFDASV,af9d83e25a409202,742437897c5db8eb,,,-9.28,157.0,PierceAbAg,,AS,1.83,medium,1313.0,5.5
5CBA,AB,E,benchmarks/downloads/vreven_bm55/cleaned/5CBA_AB.pdb,239,61,QVQLVQSGAEVKKPGSSVKVSCKASGGTFSSYAISWVRQAPGQGLEWMGGIIPIFGTANYAQKFQGRVTITADESTSTAYMELSSLRSEDTAVYYCAREPDYYDSSGYYPIDAFDIWGQGTTVTVSSQSALTQPASVSASPGQSITISCTGTSSDVGAYDWVSWYQQHPGKAPKLLIFDVNNRPSGVSHRFSGSKSGNTASLTISGLQAEDEADYYCSSYTRRDTYVFGTGTKVTVLGE,RCRCVQESSVFIPRRFIDRIQILPRGNGCPRKEIIVWKKNKSIVCVDPQAEWIQRMMEVLR,6d51c7508c51e740,a0fdd161d683c23b,,,-13.38,0.3715,PierceAbAg,,AA,1.49,rigid,1790.0,5.5
5HGG,T,A,benchmarks/downloads/vreven_bm55/cleaned/5HGG_AB.pdb,127,246,QVQLQESGGGLVQAGGSLRLSCAASGFTLDSYAIGWFRQAPGKEREGVSCISASGGSTNYADSVKGRFTISRDNAKNTVYLQMNSLKSEDTAVYYCAADHPGLCTSESGRRRYLEVWGQGTQVTVSS,IIGGEFTTIENQPWFAAIYRRHRGGSVTYVCGGSLISPCWVISATHCFIDYPKKEDYIVYLGRSRLNSNTQGEMKFEVENLILHKDYSADTLAHHNDIALLKIRSKEGRCAQPSRTIQTIALPSMYNDPQFGTSCEITGFGKEQSTDYLYPEQLKMTVVKLISHRECQQPHYYGSEVTTKMLCAADPQWKTDSCQGDSGGPLVCSLQGRMTLTGIVSWGRGCALKDKPGVYTRVSHFLPWIRSHTK,12c192b8b4ed2e57,f404771cc061c86e,,,-14.01,0.054,PierceAbAg,,AS,0.84,rigid,1969.0,5.5
5HYS,CD,JK,benchmarks/downloads/vreven_bm55/cleaned/5HYS_AB.pdb,439,427,EVQLVESGGGLVQPGGSLRLSCAVSGYSITSGYSWNWIRQAPGKGLEWVASITYDGSTNYNPSVKGRITISRDDSKNTFYLQMNSLRAEDTAVYYCARGSHYFGHWHFAVWGQGTLVTVSSASTKGPSVFPLAPSSKSTSGGTAALGCLVKDYFPEPVTVSWNSGALTSGVHTFPAVLQSSGLYSLSSVVTVPSSSLGTQTYICNVNHKPSNTKVDKKVEPKDIQLTQSPSSLSASVGDRVTITCRASQSVDYDGDSYMNWYQQKPGKAPKLLIYAASYLESGVPSRFSGSGSGTDFTLTISSLQPEDFATYYCQQSHEDPYTFGQGTKVEIKRTVAAPSVFIFPPSDEQLKSGTASVVCLLNNFYPREAKVQWKVDNALQSGNSQESVTEQDSKDSTYSLSSTLTLSKADYEKHKVYACEVTHQGLSSPVTKSFNRGE,NPRCVSAYLSRPSPFDLFIRKSPTITCLVVDLAPSKGTVNLTWSRASGKPVNHSTRKEEKQRNGTLTVTSTLPVGTRDWIEGETYQCRVTHPHLPRALMRSTTKTSGPRAAPEVYAFATPEWPGSRDKRTLACLIQNFMPEDISVQWLHNEVQLPDARHSTTQPRKTKGSGFFVFSRLEVTRAEWEQKDEFICRAVHEAASPSQTVQRAVSVNPPRCVSAYLSRPSPFDLFIRKSPTITCLVVDLAPSKGTVNLTWSRASGKPVNHSTRKEEKQRNGTLTVTSTLPVGTRDWIEGETYQCRVTHPHLPRALMRSTTKTSGPRAAPEVYAFATPEWPGSRDKRTLACLIQNFMPEDISVQWLHNEVQLPDARHSTTQPRKTKGSGFFVFSRLEVTRAEWEQKDEFICRAVHEAASPSQTVQRAVSVNP,5b6c1ee00fbb0ed5,7990242729534df4,,,-10.91,10.0,PierceAbAg,,AA,1.0,rigid,1332.0,5.5
5KOV,C,AB,benchmarks/downloads/vreven_bm55/cleaned/5KOV_AB.pdb,223,434,DVQLKQSGPGLVQPSQSLSITCTVSGFSLIDYGVHWVRQSPGKGLEWLGVIWTGGSTDYNAAFISRLTISKDNSKSQVFFKMNSLQANDTGIYYCGRPYYGNVMDYWGQGTSVTVDIQMTQTTSSLSASLGDRVTISCRASQDISNYLNWYQQKPDGTVKLLIYYTSRLHSGVPSRFSGSGSGTDYSLTISNLEQEDIATYFCQQGNTFPPTFGGGTKLEIKR,GELRVLLTVGSIMSPNSADRQVWLNKTLTAPGTNSNDNLVKIAHDLGHYLIMQGFMHIKTVEWYTPDFQPSRDPTPIAGMSVMVNITKKADVYFMKQFKNSYTNNRHQITSIFLIKPLADFKVQCYMSYFKRESHDNDGVANLTVRSMTSPETIRFQVGEWYLLTSTTLKENNLPEGWVWDRVELKSDTPYYADQALTYFITPPPVDSQILFEGNTELRVLLTVGSIMSPNSADRQVWLNKTLTAPGTNSNDNLVKIAHDLGHYLIMQGFMHIKTVEWYTPDFQPSRDPTPIAGMSVMVNITKKADVYFMKQFKNSYTNNRHQITSIFLIKPLADFKVQCYMSYFKRESHDNDGVANLTVRSMTSPETIRFQVGEWYLLTSTTLKENNLPEGWVWDRVELKSDTPYYADQALTYFITPPPVDSQILFEGNTAAA,51b8c455fbcc869f,ac7bd35e13ca5e32,,,-11.91,1.87,PierceAbAg,,AA,1.69,medium,1735.0,5.5
5VNW,D,A,benchmarks/downloads/vreven_bm55/cleaned/5VNW_AB.pdb,120,583,QVQLQESGGGLVQAGGSLRLSCAASGYISDAYYMGWYRQAPGKEREFVATITHGTNTYYADSVKGRFTISRDNAKNTVYLQMNSLKPEDTAVYYCAVLETRSYSFRYWGQGTQVTVSSLE,AHKSEVAHRFKDLGEENFKALVLIAFAQYLQQCPFEDHVKLVNEVTEFAKTCVADESAENCDKSLHTLFGDKLCTVATLRETYGEMADCCAKQEPERNECFLQHKDDNPNLPRLVRPEVDVMCTAFHDNEETFLKKYLYEIARRHPYFYAPELLFFAKRYKAAFTECCQAADKAACLLPKLDELRDEGKASSAKQRLKCASLQKFGERAFKAWAVARLSQRFPKAEFAEVSKLVTDLTKVHTECCHGDLLECADDRADLAKYICENQDSISSKLKECCEKPLLEKSHCIAEVENDEMPADLPSLAADFVESKDVCKNYAEAKDVFLGMFLYEYARRHPDYSVVLLLRLAKTYETTLEKCCAAADPHECYAKVFDEFKPLVEEPQNLIKQNCELFEQLGEYKFQNALLVRYTKKVPQVSTPTLVEVSRNLGKVGSKCCKHPEAKRMPCAEDYLSVVLNQLCVLHEKTPVSDRVTKCCTESLVNRRPCFSALEVDETYVPKEFNAETFTFHADICTLSEKERQIKKQTALVELVKHKPKATKEQLKAVMDDFAAFVEKCCKADDKETCFAEEGKKLVAASQAALG,9beafee63d57eb83,93fc6bb43931dc3e,,,-8.68,430.0,PierceAbAg,,AS,1.49,rigid,967.0,5.5
5WHK,HL,AB,benchmarks/downloads/vreven_bm55/cleaned/5WHK_AB.pdb,423,353,EVQLLESGGGLVQPGGSLRLSCAASGFTFSEYAMGWVRQAPGKGLEWVSSIGSSGGQTKYADSVKGRFTISRDNSKNTLYLQMNSLRAEDTAVYYCARLAIGDSYWGQGTMVTVSSASTKGPSVFPLAPSGTAALGCLVKDYFPEPVTVSWNSGALTSGVHTFPAVLQSSGLYSLSSVVTVPSSSLGTQTYICNVNHKPSNTKVDKRVEPKQSALTQPASVSGSPGQSITISCTGTGSDVGSYNLVSWYQQHPGKAPKLMIYGDSQRPSGVSNRFSGSKSGNTASLTISGLQAEDEADYYCASYAGSGIYVFGTGTKVTVLGQPKANPTVTLFPPSSEELQANKATLVCLISDFYPGAVTVAWKADGSPVKAGVETTKPSKQSNNKYAASSYLSLTPEQWKSHRSYSCQVTHEGSTVEKTVAP,HLSLLYHLTAVSSPAPGTPAFWVSGWLGPQQYLSYNSLRGEAEPCGAWVSWYWEKETTDLRIKEKLFLEAFKALGGKGPYTLQGLLGCELGPDNTSVPTAKFALNGEEFMNFDLKQGTWGGDWPEALAISQRWQQQDKAANKELTFLLFSCPHRLREHLWKEPPSMRLKARPSSPGFSVLTCSAFSFYPPELQLRFLRNGLAAGTGQGDFGPNSDGSFHASSSLTVKSGDEHHYCCIVQHAGLAQPLRVELESPIQRTPKIQVYSRHPAENGKSNFLNCYVSGFHPSDIEVDLLKNGERIEKVEHSDLSFSKDWSFYLLYYTEFTPTEKDEYACRVNHVTLSQPKIVKWDRDM,f0d2cf22295da5e8,16484dc86adcbe4d,,,-11.93,1.81,PierceAbAg,,AA,1.88,medium,1850.0,5.5
6A0Z,HL,A,benchmarks/downloads/vreven_bm55/cleaned/6A0Z_AB.pdb,435,270,VQLQQSGAELMKPGASVKISCKATGYTFSGHWIEWVKQRPGHGLEWIGEILPGSGNIHYNEKFKGKATFAADTSSNTAYMQLSSLTSEDSAVYYCARLGTTAVERDWYFDVWGAGTTVTVSLADPSAPSVYPLAPVCGDTTGSSVTLGCLVKGYFPEPVTLTWNSGSLSSGVHTFPAVLQSDLYTLSSSVTVTSSTWPSQSITCNVAHPASSTKVDKKIEPRGDIVMTQSQKFMSASVGDRVSVTCKASQNVGTHLAWYQQKPGQSPKALIYSASYRYSGVPDRFTGSGSGTDFTLTISNVQSGDLADYFCQQYNNFPLTFGAGTKLEIKRADAAPTVSIFPPSSEQLTSGGASVVCFLNNFYPKDINVKWKIDGSERQNGVLNSWTDQDSKDSTYSMSSTLTLTRDEYERHNSYTCEATHKTSTSPIVKSFNRN,HNGKLCDLDGVKPLILRDCSVAGWLLGNPMCDEFINVPEWSYIVEKANPVNDLCYPGDFNDYEELKHLLSRINHFEKIQIIPKSSWSSHEASLGVSSACPYQGKSSFFRNVVWLIKKNSTYPTIKRSYNNTNQEDLLVLWGIHHPNDAAEQTKLYQNPTTYISVGTSTLNQRLVPRIATRSKVNGQSGRMEFFWTILKPNDAINFESNGNFIAPEYAYKIVKKGDSTIMKSELEYGNCNTKCQTPMGAINSSMPFHNIHPLTIGECPKYV,90b8728f8e5816e6,3714f85fba904d63,,,-9.92,53.0,PierceAbAg,,AA,1.28,rigid,1661.0,5.5
6EY6,I,AB,benchmarks/downloads/vreven_bm55/cleaned/6EY6_AB.pdb,129,400,QVQLVESGGGLVQAGGSLRLSCAASGRTFSSYVMGWFRQAPGKEREFVTAISWSGGSIHYADSVKGRFTISRDNAKNTVYLQMNSLKPEDTAVYTCVAGFAGYGSFTSRSARDSDKYDYWGQGTKVTVS,SVAPTMMNVLYAGIDNPINIAVPGVAQQNVSATINNGTLTRRGNLWIARPTKVGSEAIISVTAQSGGRTIQMAKTTLRVRALPDPLPYIEYKDVQGNTKRFKGGRLGKREILAAGGIKAALDDDLLEVNYTVVKFQLVFYDSMGNSIPEVSDGASFSERQKRQIQNLGKGKRFYVTEVIARGPDGIERKIPAIEVIVNEPMASVAPTMMNVLYAGIDNPINIAVPGVAQQNVSATINNGTLTRRGNLWIARPTKVGSEAIISVTAQSGGRTIQMAKTTLRVRALPDPLPYIEYKDVQGNTKRFKGGRLGKREILAAGGIKAALDDDLLEVNYTVVKFQLVFYDSMGNSIPEVSDGASFSERQKRQIQNLGKGKRFYVTEVIARGPDGIERKIPAIEVIVN,35b28026b6c9ae99,79be9e3261d7db07,,,-11.05,8.0,PierceAbAg,,AS,1.9,medium,1807.0,5.5
1KKL,ABC,H,benchmarks/downloads/vreven_bm55/cleaned/1KKL_AB.pdb,501,86,ERRSMHGVLVDIYGLGVLITGDSGVGKSETALELVQRGHRLIADDRVDVYQQDEQTIVGAAPPILSHLLEIRGLGIIDVMNLFGAGAVREDTTISLIVHLENWTPDEQTQLIFDVPVPKITVPVKVGRNLAIIIEVAAMNFRAKSMGYDATKTFEKNLNHLIEHNEEERRSMHGVLVDIYGLGVLITGDSGVGKSETALELVQRGHRLIADDRVDVYQQDEQTIVGAAPPILSHLLEIRGLGIIDVMNLFGAGAVREDTTISLIVHLENWTPGEQTQLIFDVPVPKITVPVKVGRNLAIIIEVAAMNFRAKSMGYDATKTFEKNLNHLIEHNEAERRSMHGVLVDIYGLGVLITGDSGVGKSETALELVQRGHRLIADDRVDVYQQDEQTIVGAAPPILSHLLEIRGLGIIDVMNLFGAGAVREDTTISLIVHLENWTPDEQTQLIFDVPVPKITVPVKVGRNLAIIIEVAAMNFRAKSMGYDATKTFEKNLNHLIEHNEE,QKTFKVTADSGIHARPATVLVQTASKYDADVNLEYNGKTVNLKSIMGVMSLGIAKGAEITISASGADENDALNALEETMKSERLGE,e04b1621fefac579,d495d7ff17ddf296,,,-10.0,,Kastritis81,,ES,2.2,difficult,1641.0,2.0
1M10,A,B,benchmarks/downloads/vreven_bm55/cleaned/1M10_AB.pdb,199,267,HDFYCSRLLDLVFLLDGSSRLSEAEFEVLKAFVVDMMEQLRISQKWVRVAVVEYHDGSHAYIGLKDRKRPSELRRIASQVKYAGSQVASTSEVLKYTLFQIFSKIDRPEASRIALLLMASQEPQRMSRNFVRYVQGLKKKKVIVIPVGIGPHANLKQIRLIEKQAPENKAFVLSSVDELEQQRDEIVSYLCDLAPEAPP,HPICEVSKVASHLEVNCDKRQLTALPPDLPKDTTILHLSENLLYTFSLATLMPYTRLTQLNLDRCELTKLQVDGTLPVLGTLDLSHNQLQSLPLLGQTLPALTVLDVSFNRLTSLPLGALRGLGELQELYLKGNELKTLPPGLLTPTPKLEKLSLANNQLTELPAGLLNGLENLDTLLLQENSLYTIPKGFFGSHLLPFAFLHGNPWLCNCEILYFRRWLQDNAENVYVWKQGVDVKAVTSNVASVQCDNSDKFPVYKYPGKGCPTL,f85ac5ae079bacbb,318ab885d51c2ced,,,-11.2,,Kastritis81,,ER,2.1,medium,2097.0,2.0
1B6C,A,B,benchmarks/downloads/vreven_bm55/cleaned/1B6C_AB.pdb,107,326,GVQVETISPGDGRTFPKRGQTCVVHYTGMLEDGKKFDSSRDRNKPFKFMLGKQEVIRGWEEGVAQMSVGQRAKLTISPDYAYGATGHPGIIPPHATLVFDVELLKLE,TTLKDLIYDMTTSGSGSGLPLLVQRTIARTIVLQESIGKGRFGEVWRGKWRGEEVAVKIFSSREERSWFREAEIYQTVMLRHENILGFIAADNKDNGTWTQLWLVSDYHEHGSLFDYLNRYTVTVEGMIKLALSTASGLAHLHMEIVGTQGKPAIAHRDLKSKNILVKKNGTCCIADLGLAVRHDSATDTIDIAPNHRVGTKRYMAPEVLDDSINMKHFESFKRADIYAMGLVFWEIARRCSIGGIHEDYQLPYYDLVPSDPSVEEMRKVVCEQKLRPNIPNRWQSCEALRVMAKIMRECWYANGAARLTALRIKKTLSQLSQQEG,de9f93373c7a22b9,f7fcdd3bd9b5f75c,,,-8.9,,Kastritis81,,OX,1.96,medium,1752.0,2.0
1FC2,C,D,benchmarks/downloads/vreven_bm55/cleaned/1FC2_AB.pdb,44,207,FNKEQQNAFYEILHLPNLNEEQRNGFIQSLKDDPSQSANLLAEA,PSVFLFPPKPKDTLMISRTPEVTCVVVDVSHEDPQVKFNWYVDGVQVHNAKTKPREQQYNSTYRVVSVLTVLHQNWLDGKEYKCKVSNKALPAPIEKTISKAKGQPREPQVYTLPPSREEMTKNQVSLTCLVKGFYPSDIAVEWESNGQPENNYKTTPPVLDSDGSFFLYSKLTVDKSRWQQGNVFSCSVMHEALHNHYTQKSLSLS,427f4716151a6efa,572d7fbc12d01c95,,,-10.4,,Kastritis81,,OX,1.69,medium,1307.0,2.0
1HE8,B,A,benchmarks/downloads/vreven_bm55/cleaned/1HE8_AB.pdb,749,166,SEESQAFQRQLTALIGYDVTDVSNVHDDELEFTRRGLVTPRMAEVASRDPKLYAMHPWVTSKPLPEYLWKKIANNCIFIKIHRSTTSQTIKVSPDDTPGAILQSFFTKMAKKKSLMDIPESQSEQDFVLRVCGRDEYLVGETPIKNFQWVRHCLKNGEEIHVVLDTPPDPALDEVRKESLWDCDRKFRVKIRGIDIPVLPLTVFVEANIQHGQQVLCQRRTSPKPFTEEVLWNVWLEFSIKIKDLPKGALLNLQIYCKVRLLYYVNLLLIDHRFLLRRGEYVLHMWQISNADKLTSATNPDKENSMSISILLDNYCHPISALDVGLTMQLLDCNFSDENVRAIAVQKLESLEDDDVLHYLLQLVQAVKFEPYHDSALARFLLKRGLRNKRIGHFLFWFLRSEIAQSRHYQQRFAVILEAYLRGCGTAMLHDFTQQVQVIEMLQKVTLDIKSLSSQVISQLKQKLENLQNSQLPESFRVPYDPGLKAGALAIEKCKVMASKKKPLWLEFKCADPTALSNETIGIIFKHGDDLRQDMLILQILRIMESIWETESLDLCLLPYGCISTGDKIGMIEIVKDATTIAKIQQSTFKDEVLNHWLKEKSPTEEKFQAAVERFVYSCAGYCVATFVLGIGDRHNDNIMITETGNLFHIDFGHERVPFVLTPDFLFVMGTSGKKTSPHFQKFQDICVKAYLALRHHTNLLIILFSMMLMTDIEYIRDALTVGKNEEDAKKYFLDQIEVCRDKGWTVQF,MTEYKLVVVGAVGVGKSALTIQLIQNHFVDEYDPTIEDSYRKQVVIDGETCLLDILDTAGQEEYSAMRDQYMRTGEGFLCVFAINNTKSFEDIHQYREQIKRVKDSDDVPMVLVGNKCDLAARTVESRQAQDLARSYGIPYIETSAKTRQGVEDAFYTLVREIRQH,7ec2eedd92fcbae0,e027377d5a22c51f,,,-7.4,,Kastritis81,,OG,0.92,rigid,1305.0,2.0
1I2M,A,B,benchmarks/downloads/vreven_bm55/cleaned/1I2M_AB.pdb,165,388,QVQFKLVLVGDGGTGKTTFVKRHLKKYVATLGVEVHPLVFHTNRGPIKFNVWDTAGQEKFGGLRDGYYIQAQCAIIMFDVTSRVTYKNVPNWHRDLVRVCENIPIVLCGNKVDIKDRKVKAKSIVFHRKKNLQYYDISAKSNYNFEKPFLWLARKLIGDPNLEFV,KVSHRSHSTEPGLVLTLGQGDVGQLGLGENVMERKKPALVSIPEDVVQAEAGGMHTVCLSKSGQVYSFGCNDEGALGRDTSVEGSEMVPGKVELQEKVVQVSAGDSHTAALTDDGRVFLWGSFRDNNGVIGLLEPMKKSMVPVQVQLDVPVVKVASGNDHLVMLTADGDLYTLGCGEQGQLGRVPELFANRGGRQGLERLLVPKCVMLKHVRFQDAFCGAYFTFAISHEGHVYGFGLSNYHQLGTPGTESCFIPQNLTSFKNSTKSWVGFSGGQHHTVCMDSEGKAYSLGRAEYGRLGLGEGAEEKSIPTLISRLPAVSSVACGASVGYAVTKDGRVFAWGMGTNYQLGTGQDEDAWSPVEMMGKQLENRVVLSVSSGGQHTVLLVKD,fc8b4757ee8a6dd9,99fc2485839a20fe,,,-15.8,,Kastritis81,,OG,2.12,medium,2779.0,2.0
1K5D,AB,C,benchmarks/downloads/vreven_bm55/cleaned/1K5D_AB.pdb,352,344,QVQFKLVLVGDGGTGKTTFVKRHLTGEFEKKYVATLGVEVHPLVFHTNRGPIKFNVWDTAGQEKFGGLRDGYYIQAQCAIIMFDVTSRVTYKNVPNWHRDLVRVCENIPIVLCGNKVDIKDRKVKAKSIVFHRKKNLQYYDISAKSNYNFEKPFLWLARKLIGDPNLEFVAMPALAPPEVVMDPALAAQYEHDLEVAQTTALPDEDNHDPQFEPIVSLPEQEIKTLEEDEEELFKMRAKLFRFASENDLPEWKERGTGDVKLLKHKEKGAIRLLMRRDKTLKICANHYITPMMELKPNAGSDRAWVWNTHADFADECPKPELLAIRFLNAENAQKFKTKFEECRKEIEEREK,ARFSIEGKSLKLDAITTEDEKSVFAVLLEDDSVKEIVLSGNTIGTEAARWLSENIASKKDLEIAEFSDIFTGRVKDEIPEALRLLLQALLKCPKLHTVRLSDNAFGPTAQEPLIDFLSKHTPLEHLYLHNNGLGPQAGAKIARALQELAVNKKAKNAPPLRSIICGRNRLENGSMKEWAKTFQSHRLLHTVKMVQNGIRPEGIEHLLLEGLAYCQELKVLDLQDNTFTHLGSSALAIALKSWPNLRELGLNDCLLSARGAAAVVDAFSKLENIGLQTLRLQYNEIELDAVRTLKTVIDEKMPDLLFLELNGNRFSEEDDVVDEIREVFSTRGRGELDELDDMEE,855ba0fc3ee2e668,e48f67fa8dbcd208,,,-12.8,,Kastritis81,,OG,1.19,rigid,2527.0,2.0
1LFD,B,A,benchmarks/downloads/vreven_bm55/cleaned/1LFD_AB.pdb,167,87,MTEYKLVVVGAGGVGKSALTIQLIQNHFVDKYDPTIEDSYRKQVVIDGETCLLDILDTAGQEEYSAMRDQYMRTGEGFLCVFAINNTKSFEDIHQYREQIKRVKDSDDVPMVLVGNKCDLAARTVESRQAQDLARSYGIPYIETSAKTRQGVEDAFYTLVREIRQHK,GDCCIIRVSLDVDNGNMYKSILVTSQDKAPTVIRKAMDKHNLDEDEPEDYELLQIISEDHKLKIPENANVFYAMNSAANYDFILKKR,078ef35cd6451eb2,6d3621cc991b3737,,,-7.8,,Kastritis81,,OG,1.79,medium,1167.0,4.0
1MQ8,A,B,benchmarks/downloads/vreven_bm55/cleaned/1MQ8_AB.pdb,184,177,QTSVSPSKVILPRGGSVLVTCSTSCDQPKLLGIETPLPKKELLLPGNNRKVYELSNVQEDSQPMCYSNCPDGQSTAKTFLTVYWTPERVELAPLPSWQPVGKNLTLRCQVEGGAPRANLTVVLLRGEKELKREPAVGEPAEVTTTVLVRRDHHGANFSCRTELDLRPQGLELFENTSAPYQLQT,VDLVFLFDGSMSLQPDEFQKILDFMKDVMKKCSNTSYQFAAVQFSTSYKTEFDFSDYVKRKDPDALLKHVKHMLLLTNTFGAINYVATEVFREELGARPDATKVLIIITDGEATDSGNIDAAKDIIRYIIGIGKHFQTKESQETLHKFASKPASEFVKILDTFEKLKDLCTELQKKI,b88f6a278c18da4b,f80456e1f8ffbe00,,,-7.5,,Kastritis81,,OX,1.76,medium,1253.0,4.0
1XQS,A,C,benchmarks/downloads/vreven_bm55/cleaned/1XQS_AB.pdb,264,165,RGEVEQMKSCLRVLSQPMPPTAGEAEQAADQQEREGALELLADLCENMDNAADFCQLSGMHLLVGRYLEAGAAGLRWRAAQLIGTCSQNVAAIQEQVLGLGALRKLLRLLDRDACDTVRVKALFAISCLVREQEAGLLQFLRLDGFSVLMRAMQQQVQKLKVKSAFLLQNLLVGHPEHKGTLCSMGMVQQLVALVRTEHSPFHEHVLGALCSLVTDFPQGVRECREPELGLEELLRHRCQLLQQHEEYQEELEFCEKLLQTCFS,ERNVLIFDLGGGTFDVSILTIDDGIFEVKATAGDTHLGGEDFDNRLVNHFVEEFKRKHKKDISQNKRAVRRLRTACERAKRTLSSSTQASLEIDSLFEGIDFYTSITRARFEELCSDLFRSTLEPVEKALRDAKLDKAQIHDLVLVGGSTRIPKVQKLLQDFFNG,a7e6d7e606d698e2,72811532cf4e682a,,,-7.1,,Kastritis81,,OX,1.77,medium,2350.0,3.0
2HRK,A,B,benchmarks/downloads/vreven_bm55/cleaned/2HRK_AB.pdb,177,105,PSTLTINGKAPIVAYAELIAARIVNALAPNSIAIKLVDDKKAPAAKLDDATEDVFNKITSKFAAIFDNGDKEQVAKWVNLAQKELVIKNFAKLSQSLETLDSQLNLRTFILGGLKYSAADVACWGALRSNGMCGSIIKNKVDVNVSRWYTLLEMDPIFGEAHDFLSKSLLELKKSAN,PVSFTKEQSAQAAQWESVLKSGQIQPHLDQLNLVLRDNTFIVSTLYPTSTDVHVFEVALPLIKDLVASSKDVKSTYTTYRHILRWIDYMQNLLEVSSTDKLEINH,ae9f315fe9d98652,7749aa3e70ae1005,,,-11.0,,Kastritis81,,OX,2.03,medium,1595.0,3.0
3CPH,G,A,benchmarks/downloads/vreven_bm55/cleaned/3CPH_AB.pdb,441,175,TIDTDYDVIVLGTGITECILSGLLSVDGKKVLHIDKQDHYGGEAASVTLSQLYEKFKQNPISKEERESKFGKDRDWNVDLIPKFLMANGELTNILIHTDVTRYVDFKQVSGSYVFKQGKIYKVPANEIEAISSPLMGIFEKRRMKKFLEWISSYKEDDLSTHQGLDLDKNTMDEVYYKFGLGNSTKEFIGHAMALWTNDDYLQQPARPSFERILLYCQSVARYGKSPYLYPMYGLGELPQGFARLSAIYGGTYMLDTPIDEVLYKKDTGKFEGVKTKLGTFKAPLVIADPTYFPEKCKSTGQRVIRAICILNHPVPNTSNADSLQIIIPQSQLGRKSDIYVAIVSDAHNVCSKGHYLAIISTIIETDKPHIELEPAFKLLGPIEEKFMGIAELFEPREDGSKDNIYLSRSYDASSHFESMTDDVKDIYFRVTGHPLVLKQR,IMKILLIGDSGVGKSCLLVRFVEDKFNPSFITTIGIDFKIKTVDINGKKVKLQLWDTAGQERFRTITTAYYRGAMGIILVYDVTDERTFTNIKQWFKTVNEHANDEAQLLLVGNKSDMETRVVTADQGEALAKELGIPFIESSAKNDDNVNEIFFTLAKLIQEKIDSNKLVGVGN,1c0d7870ee1e1e94,9bc86c3e4e29a3ad,,,-8.8,,Kastritis81,,OG,2.12,medium,1685.0,4.0
2FJG,HL,VW,benchmarks/downloads/vreven_bm55/cleaned/2FJG_AB.pdb,429,189,EVQLVESGGGLVQPGGSLRLSCAASGFTISDYWIHWVRQAPGKGLEWVAGITPAGGYTYYADSVKGRFTISADTSKNTAYLQMNSLRAEDTAVYYCARFVFFLPYAMDYWGQGTLVTVSSASTKGPSVFPLAPSSGTAALGCLVKDYFPEPVTVSWNSGALTSGVHTFPAVLQSSGLYSLSSVVTVPSSSLGTQTYICNVNHKPSNTKVDKKVEPKSCDIQMTQSPSSLSASVGDRVTITCRASQDVSTAVAWYQQKPGKAPKLLIYSASFLYSGVPSRFSGSGSGTDFTLTISSLQPEDFATYYCQQSYTTPPTFGQGTKVEIKRTVAAPSVFIFPPSDEQLKSGTASVVCLLNNFYPREAKVQWKVDNALQSGNSQESVTEQDSKDSTYSLSSTLTLSKADYEKHKVYACEVTHQGLSSPVTKSFNR,VVKFMDVYQRSYCHPIETLVDIFQEYPDEIEYIFKPSCVPLMRCGGCCNDEGLECVPTEESNITMQIMRIKPHQGQHIGEMSFLQHNKCECRPKKVVKFMDVYQRSYCHPIETLVDIFQEYPDEIEYIFKPSCVPLMRCGGCCNDEGLECVPTEESNITMQIMRIKPHQGQHIGEMSFLQHNKCECRPK,ed266af76674bbcf,9c47d50e78866176,,,-10.92,20.0,PierceAbAg,,AA,2.51,difficult,1678.0,5.5
5C7X,HL,A,benchmarks/downloads/vreven_bm55/cleaned/5C7X_AB.pdb,420,115,QVQLVESGGGLVQPGGSLRLSCAASGFTFSSYWMNWVRQAPGKGLEWVSGIENKYAGGATYYAASVKGRFTISRDNSKNTLYLQMNSLRAEDTAVYYCARGFGTDFWGQGTLVTVSSASTKGPSVFPLAPSSGGTAALGCLVKDYFPEPVTVSWNSGALTSGVHTFPAVLQSSGLYSLSSVVTVPSSSLGTQTYICNVNHKPSNTKVDKKVEPKDIELTQPPSVSVAPGQTARISCSGDSIGKKYAYWYQQKPGQAPVLVIYKKRPSGIPERFSGSNSGNTATLTISGTQAEDEADYYCSAWGDKGMVFGGGTKLTVLGQPKAAPSVTLFPPSSEELQANKATLVCLISDFYPGAVTVAWKADSSPVKAGVETTTPSKQSNNKYAASSYLSLTPEQWKSHRSYSCQVTHEGSTVEKTVAP,STQPWEHVNAIQEARRLLNLSRTAAEMNETVEVISEMFDLQEPTCLQTRLELYKQGLRGSLTKLKGPLTMMASHYKQHCPPTPETSCATQIITFESFKENLKDFLLVIPFDCWEP,32b8dc744bc530ec,db805dcb890858af,,,-15.22,0.007,PierceAbAg,,AA,2.31,difficult,2523.0,5.5
1ACB,E,I,benchmarks/downloads/vreven_bm55/cleaned/1ACB_AB.pdb,241,63,CGVPAIQPVLSGLIVNGEEAVPGSWPWQVSLQDKTGFHFCGGSLINENWVVTAAHCGVTTSDVVVAGEFDQGSSSEKIQKLKIAKVFKNSKYNSLTINNDITLLKLSTAASFSQTVSAVCLPSASDDFAAGTTCVTTGWGLTRYANTPDRLQQASLPLLSNTNCKKYWGTKIKDAMICAGASGVSSCMGDSGGPLVCKKNGAWTLVGIVSWGSSTCSTSTPGVYARVTALVNWVQQTLAAN,KSFPEVVGKTVDQAREYFTLHYPQYDVYFLPEGSPVTLDLRYNRVRVFYNPGTNVVNHVPHVG,0f90d1a988850c6b,59f6595ec518166e,,,-13.1,,Kastritis81,,EI,2.26,difficult,1544.0,2.0
1ATN,A,D,benchmarks/downloads/vreven_bm55/cleaned/1ATN_AB.pdb,372,258,DEDETTALVCDNGSGLVKAGFAGDDAPRAVFPSIVGRPRHQGVMVGMGQKDSYVGDEAQSKRGILTLKYPIEHGIITNWDDMEKIWHHTFYNELRVAPEEHPTLLTEAPLNPKANREKMTQIMFETFNVPAMYVAIQAVLSLYASGRTTGIVLDSGDGVTHNVPIYEGYALPHAIMRLDLAGRDLTDYLMKILTERGYSFVTTAEREIVRDIKEKLCYVALDFENEMATAASSSSLEKSYELPDGQVITIGNERFRCPETLFQPSFIGMESAGIHETTYNSIMKCDIDIRKDLYANNVMSGGTTMYPGIADRMQKEITALAPSTMKIKIIAPPERKYSVWIGGSILASLSTFQQMWITKQEYDEAGPSIVHR,LKIAAFNIRTFGETKMSNATLASYIVRIVRRYDIVLIQEVRDSHLVAVGKLLDYLNQDDPNTYHYVVSEPLGRNSYKERYLFLFRPNKVSVLDTYQYDDGCCGNDSFSREPAVVKFSSHSTKVKEFAIVALHSAPSDAVAEINSLYDVYLDVQQKWHLNDVMLMGDFNADCSYVTSSQWSSIRLRTSSTFQWLIPDSADTTATSTNCAYDRIVVAGSLLQSSVVPGSAAPFDFQAAYGLSNEMALAISDHYPVEVTLT,081529348391a1c7,d822a20fa4ba11fa,,,-12.1,,Kastritis81,,OX,3.28,difficult,1774.0,2.0
1DE4,AB,CF,benchmarks/downloads/vreven_bm55/cleaned/1DE4_AB.pdb,371,1270,RSHSLHYLFMGASEQDLGLSLFEALGYVDDQLFVFYDHESRRVEPRTPWVSSRISSQMWLQLSQSLKGWDHMFTVDFWTIMENHNHSKESHTLQVILGCEMQEDNSTEGYWKYGYDGQDHLEFCPDTLDWRAAEPRAWPTKLEWERHKIRARQNRAYLERDCPAQLQQLLELGRGVLDQQVPPLVKVTHHVTSSVTTLRCRALNYYPQNITMKWLKDKQPMDAKEFEPKDVLPNGDGTYQGWITLAVPPGEEQRYTCQVEHPGLDQPLIVIWIQRTPKIQVYSRHPAENGKSNFLNCYVSGFHPSDIEVDLLKNGERIEKVEHSDLSFSKDWSFYLLYYTEFTPTEKDEYACRVNHVTLSQPKIVKWDRDM,LYWDDLKRKLSEKLDSTDFTSTIKLLNENSYVPREAGSQKDENLALYVENQFREFKLSKVWRDQHFVKIQVKDSAQNSVIIVDKNGRLVYLVENPGGYVAYSKAATVTGKLVHANFGTKKDFEDLYTPVNGSIVIVRAGKITFAEKVANAESLNAIGVLIYMDQTKFPIVNAELSFFGHAHLGTGDPYTPGFPSFNHTQFPPSRSSGLPNIPVQTISRAAAEKLFGNMEGDCPSDWKTDSTCRMVTSESKNVKLTVSNVLKEIKILNIFGVIKGFVEPDHYVVVGAQRDAWGPGAAKSGVGTALLLKLAQMFSDMVLKDGFQPSRSIIFASWSAGDFGSVGATEWLEGYLSSLHLKAFTYINLDKAVLGTSNFKVSASPLLYTLIEKTMQNVKHPVTGQFLYQDSNWASKVEKLTLDNAAFPFLAYSGIPAVSFCFCEDTDYPYLGTTMDTYKELIERIPELNKVARAAAEVAGQFVIKLTHDVELNLDYERYNSQLLSFVRDLNQYRADIKEMGLSLQWLYSARGDFFRATSRLTTDFGNAEKTDRFVMKKLNDRVMRVEYHFLSPYVSPKESPFRHVFWGSGSHTLPALLENLKLRKQNNGAFNETLFRNQLALATWTIQGAANALSGDVWDILYWDDLKRKLSEKLDSTDFTSTIKLLNENSYVPREAGSQKDENLALYVENQFREFKLSKVWRDQHFVKIQVKDSAQNSVIIVDKNGRLVYLVENPGGYVAYSKAATVTGKLVHANFGTKKDFEDLYTPVNGSIVIVRAGKITFAEKVANAESLNAIGVLIYMDQTKFPIVNAELSFFGHAHLGTGDPYTPGFPSFNHTQFPPSRSSGLPNIPVQTISRAAAEKLFGNMEGDCPSDWKTDSTCRMVTSESKNVKLTVSNVLKEIKILNIFGVIKGFVEPDHYVVVGAQRDAWGPGAAKSGVGTALLLKLAQMFSDMVLKDGFQPSRSIIFASWSAGDFGSVGATEWLEGYLSSLHLKAFTYINLDKAVLGTSNFKVSASPLLYTLIEKTMQNVKHPVTGQFLYQDSNWASKVEKLTLDNAAFPFLAYSGIPAVSFCFCEDTDYPYLGTTMDTYKELIERIPELNKVARAAAEVAGQFVIKLTHDVELNLDYERYNSQLLSFVRDLNQYRADIKEMGLSLQWLYSARGDFFRATSRLTTDFGNAEKTDRFVMKKLNDRVMRVEYHFLSPYVSPKESPFRHVFWGSGSHTLPALLENLKLRKQNNGAFNETLFRNQLALATWTIQGAANALSGDVWDI,aa3bb35cd6b17b9d,41bab24b30b63a8d,,,-9.8,,Kastritis81,,OX,2.59,difficult,2066.0,2.0
1E4K,AB,C,benchmarks/downloads/vreven_bm55/cleaned/1E4K_AB.pdb,432,172,CPAPELLGGPSVFLFPPKPKDTLMISRTPEVTCVVVDVSHEDPQVKFNWYVDGVQVHNAKTKPREQQYNSTYRVVSVLTVLHQNWLDGKEYKCKVSNKALPAPIEKTISKAKGQPREPQVYTLPPSREEMTKNQVSLTCLVKGFYPSDIAVEWESNGQPENNYKTTPPVLDSDGSFFLYSKLTVDKSRWQQGNVFSCSVMHEALHNHYTQKSLSLSCPAPELLGGPSVFLFPPKPKDTLMISRTPEVTCVVVDVSHEDPQVKFNWYVDGVQVHNAKTKPREQQYNSTYRVVSVLTVLHQNWLDGKEYKCKVSNKALPAPIEKTISKAKGQPREPQVYTLPPSREEMTKNQVSLTCLVKGFYPSDIAVEWESNGQPENNYKTTPPVLDSDGSFFLYSKLTVDKSRWQQGNVFSCSVMHEALHNHYTQKSLSLS,DLPKAVVFLEPQWYSVLEKDSVTLKCQGAYSPEDNSTQWFHNESLISSQASSYFIDAATVNDSGEYRCQTNLSTLSDPVQLEVHIGWLLLQAPRWVFKEEDPIHLRCHSWKNTALHKVTYLQNGKDRKYFHHNSDFHIPKATLKDSGSYFCRGLVGSKNVSSETVNITITQG,05985650bedba1ba,90308369fa570431,,,-7.9,,Kastritis81,,OR,2.6,difficult,1634.0,3.0
1EER,A,BC,benchmarks/downloads/vreven_bm55/cleaned/1EER_AB.pdb,166,426,APPRLICDSRVLERYLLEAKEAEKITTGCAEHCSLNEKITVPDTKVNFYAWKRMEVGQQAVEVWQGLALLSEAVLRGQALLVKSSQPWEPLQLHVDKAVSGLRSLTTLLRALGAQKEAISNSDAASAAPLRTITADTFRKLFRVYSNFLRGKLKLYTGEACRTGDR,DPKFESKAALLAARGPEELLCFTERLEDLVCFWEEAASAGVGPGQYSFSYQLEDEPWKLCRLHQAPTARGAVRFWCSLPTADTSSFVPLELRVTAASGAPRYHRVIHINEVVLLDAPVGLVARLADESGHVVLRWLPPPETPMTSHIRYEVDVSAGQGAGSVQRVEILEGRTECVLSNLRGRTRYTFAVRARMAEPSFGGFWSEWSEPVSLLTDPKFESKAALLAARGPEELLCFTERLEDLVCFWEEAASAGVGPGQYSFSYQLEDEPWKLCRLHQAPTARGAVRFWCSLPTADTSSFVPLELRVTAASGAPRYHRVIHINEVVLLDAPVGLVARLADESGHVVLRWLPPPETPMTSHIRYEVDVSAGQGAGSVQRVEILEGRTECVLSNLRGRTRYTFAVRARMAEPSFGGFWSEWSEPVSLLT,3698531f48ef8291,6d8d5fda3bfe233f,,,-15.6,,Kastritis81,,OR,2.44,difficult,3347.0,2.0
2C0L,A,B,benchmarks/downloads/vreven_bm55/cleaned/2C0L_AB.pdb,292,122,HPQPFEEGLRRLQEGDLPNAVLLFEAAVQQDPKHMEAWQYLGTTQAENEQELLAISALRRCLELKPDNQTALMALAVSFTNESLQRQACEILRDWLRYTPAYAHLVPSKRILGSLLSDSLFLEVKELFLAAVRLDPTSIDPDVQCGLGVLFNLSGEYDKAVDCFTAALSVRPNDYLLWNKLGATLANGNQSEEAVAAYRRALELQPGYIRSRYNLGISCINLGAHREAVEHFLEALNMQRKSRGPRGEGGAMSENIWSTLRLALSMLGQSDAYGAADARDLSTLLTMFGLPQ,SASDGFKANLVFKEIEKKLEEEGEQFVKKIGGIFAFKVKDGPGGKEATWVVDVKNGKGSVLPNSDKKADCTITMADSDFLALMTGKMNPQSAFFQGKLKITGNMGLAMKLQNLQLQPGNAKL,7877308f1954a42c,0de895fb1eb02e0e,,,-9.8,,Kastritis81,,OX,2.62,difficult,2013.0,3.0
