pdb_id,chains_target_orig,chains_binder_orig,cleaned_pdb,len_target,len_binder,seq_target,seq_binder,hash_target,hash_binder,msa_target,msa_binder,dg_exp,ba_val_prodigy,functional_class,irmsd,bsa
1A2K,C,AB,benchmarks/downloads/kastritis_81/cleaned/1A2K_AB.pdb,196,248,QVQFKLVLVGDGGTGKTTFVKRHLTGEFEKKYVATLGVEVHPLVFHTNRGPIKFNVWDTAGQEKFGGLRDGYYIQAQCAIIMFDVTSRVTYKNVPNWHRDLVRVCENIPIVLCGNKVDIKDRKVKAKSIVFHRKKNLQYYDISAKSNYNFEKPFLWLARKLIGDPNLEFVAMPALAPPEVVMDPALAAQYEHDLEV,KPIWEQIGSSFIQHYYQLFDNDRTQLGAIYIDASCLTWEGQQFQGKAAIVEKLSSLPFQKIQHSITAQDHQPTPDSCIISMVVGQLKADEDPIMGFHQMFLLKNINDAWVCTNDMFRLALHNFGKPIWEQIGSSFIQHYYQLFDNDRTQLGAIYIDASCLTWEGQQFQGKAAIVEKLSSLPFQKIQHSITAQDHQPTPDSCIISMVVGQLKADEDPIMGFHQMFLLKNINDAWVCTNDMFRLALHNFG,cedbced5c00eba40,f5e4cb9a669adf47,,,-9.3,-9.0,OG,1.11,1603
1ACB,E,I,benchmarks/downloads/kastritis_81/cleaned/1ACB_AB.pdb,241,63,CGVPAIQPVLSGLIVNGEEAVPGSWPWQVSLQDKTGFHFCGGSLINENWVVTAAHCGVTTSDVVVAGEFDQGSSSEKIQKLKIAKVFKNSKYNSLTINNDITLLKLSTAASFSQTVSAVCLPSASDDFAAGTTCVTTGWGLTRYANTPDRLQQASLPLLSNTNCKKYWGTKIKDAMICAGASGVSSCMGDSGGPLVCKKNGAWTLVGIVSWGSSTCSTSTPGVYARVTALVNWVQQTLAAN,KSFPEVVGKTVDQAREYFTLHYPQYDVYFLPEGSPVTLDLRYNRVRVFYNPGTNVVNHVPHVG,0f90d1a988850c6b,59f6595ec518166e,,,-13.1,-11.9,EI,1.08,1544
1AK4,A,D,benchmarks/downloads/kastritis_81/cleaned/1AK4_AB.pdb,165,145,MVNPTVFFDIAVDGEPLGRVSFELFADKVPKTAENFRALSTGEKGFGYKGSCFHRIIPGFMCQGGDFTRHNGTGGKSIYGEKFEDENFILKHTGPGILSMANAGPNTNGSQFFICTAKTEWLDGKHVVFGKVKEGMNIVEAMERFGSRNGKTSKKITIADCGQLE,PIVQNLQGQMVHQAISPRTLNAWVKVVEEKAFSPEVIPMFSALSEGATPQDLNTMLNTVGGHQAAMQMLKETINEEAAEWDRLHPVHAGPIAPGQMREPRGSDIAGTTSTLQEQIGWMTHNPPIPVGEIYKRWIILGLNKIVRMY,71376b3a50a1cc06,af0457660b9685e6,,,-6.4,-7.3,OX,1.33,1029
1AKJ,AB,DE,benchmarks/downloads/kastritis_81/cleaned/1AKJ_AB.pdb,374,228,GSHSMRYFFTSVSRPGRGEPRFIAVGYVDDTQFVRFDSDAASQRMEPRAPWIEQEGPEYWDGETRKVKAHSQTHRVDLGTLRGYYNQSEAGSHTVQRMYGCDVGSDWRFLRGYHQYAYDGKDYIALKEDLRSWTAADMAAQTTKHKWEAAHVAEQLRAYLEGTCVEWLRRYLENGKETLQRTDAPKTHMTHHAVSDHEATLRCWALSFYPAEITLTWQRDGEDQTQDTELVETRPAGDGTFQKWAAVVVPSGQEQRYTCHVQHEGLPKPLTLRWEPQRTPKIQVYSRHPAENGKSNFLNCYVSGFHPSDIEVDLLKNGERIEKVEHSDLSFSKDWSFYLLYYTEFTPTEKDEYACRVNHVTLSQPKIVKWDRDM,SQFRVSPLDRTWNLGETVELKCQVLLSNPTSGCSWLFQPRGAAASPTFLLYLSQNKPKAAEGLDTQRFSGKRLGDTFVLTLSDFRRENEGYYFCSALSNSIMYFSHFVPVFLPASQFRVSPLDRTWNLGETVELKCQVLLSNPTSGCSWLFQPRGAAASPTFLLYLSQNKPKAAEGLDTQRFSGKRLGDTFVLTLSDFRRENEGYYFCSALSNSIMYFSHFVPVFLPA,014a72bb541bd216,55b209a15dcbc6fe,,,-5.3,-7.3,OX,1.14,1995
1ATN,A,D,benchmarks/downloads/kastritis_81/cleaned/1ATN_AB.pdb,371,258,DEDETTALVCDNGSGLVKAGFAGDDAPRAVFPSIVGRPRHQGVMVGMGQKDSYVGDEAQSKRGILTLKYPIEGIITNWDDMEKIWHHTFYNELRVAPEEHPTLLTEAPLNPKANREKMTQIMFETFNVPAMYVAIQAVLSLYASGRTTGIVLDSGDGVTHNVPIYEGYALPHAIMRLDLAGRDLTDYLMKILTERGYSFVTTAEREIVRDIKEKLCYVALDFENEMATAASSSSLEKSYELPDGQVITIGNERFRCPETLFQPSFIGMESAGIHETTYNSIMKCDIDIRKDLYANNVMSGGTTMYPGIADRMQKEITALAPSTMKIKIIAPPERKYSVWIGGSILASLSTFQQMWITKQEYDEAGPSIVHR,LKIAAFNIRTFGETKMSNATLASYIVRIVRRYDIVLIQEVRDSHLVAVGKLLDYLNQDDPNTYHYVVSEPLGRNSYKERYLFLFRPNKVSVLDTYQYDDGCCGNDSFSREPAVVKFSSHSTKVKEFAIVALHSAPSDAVAEINSLYDVYLDVQQKWHLNDVMLMGDFNADCSYVTSSQWSSIRLRTSSTFQWLIPDSADTTATSTNCAYDRIVVAGSLLQSSVVPGSAAPFDFQAAYGLSNEMALAISDHYPVEVTLT,352f211298d23c49,d822a20fa4ba11fa,,,-12.1,-10.9,OX,3.28,1774
1AVZ,B,C,benchmarks/downloads/kastritis_81/cleaned/1AVZ_AB.pdb,103,57,TPQVPLRPMTYKAAVDLSHFLKEKGGLEGLIHSQRRQDILDLWIYHTQGYFPDWQNYTPGPGVRYPLTFGWCYKLVPVEVLEWRFDSRLAFHHVARELHPEYF,TLFVALYDYEARTEDDLSFHKGEKFQILNSSEGDWWEARSLTTGETGYIPSNYVAPV,59daf0f62392991a,304f8fd4d48558b2,,,-6.5,-8.4,NC,0.73,1259
1B6C,A,B,benchmarks/downloads/kastritis_81/cleaned/1B6C_AB.pdb,107,326,GVQVETISPGDGRTFPKRGQTCVVHYTGMLEDGKKFDSSRDRNKPFKFMLGKQEVIRGWEEGVAQMSVGQRAKLTISPDYAYGATGHPGIIPPHATLVFDVELLKLE,TTLKDLIYDMTTSGSGSGLPLLVQRTIARTIVLQESIGKGRFGEVWRGKWRGEEVAVKIFSSREERSWFREAEIYQTVMLRHENILGFIAADNKDNGTWTQLWLVSDYHEHGSLFDYLNRYTVTVEGMIKLALSTASGLAHLHMEIVGTQGKPAIAHRDLKSKNILVKKNGTCCIADLGLAVRHDSATDTIDIAPNHRVGTKRYMAPEVLDDSINMKHFESFKRADIYAMGLVFWEIARRCSIGGIHEDYQLPYYDLVPSDPSVEEMRKVVCEQKLRPNIPNRWQSCEALRVMAKIMRECWYANGAARLTALRIKKTLSQLSQQEG,de9f93373c7a22b9,f7fcdd3bd9b5f75c,,,-8.9,-9.4,OX,1.96,1752
1BJ1,HL,VW,benchmarks/downloads/kastritis_81/cleaned/1BJ1_AB.pdb,431,188,DIQMTQSPSSLSASVGDRVTITCSASQDISNYLNWYQQKPGKAPKVLIYFTSSLHSGVPSRFSGSGSGTDFTLTISSLQPEDFATYYCQQYSTVPWTFGQGTKVEIKRTVAAPSVFIFPPSDEQLKSGTASVVCLLNNFYPREAKVQWKVDNALQSGNSQESVTEQDSKDSTYSLSSTLTLSKADYEKHKVYACEVTHQGLSSPVTKSFNRGEEVQLVESGGGLVQPGGSLRLSCAASGYTFTNYGMNWVRQAPGKGLEWVGWINTYTGEPTYAADFKRRFTFSLDTSKSTAYLQMNSLRAEDTAVYYCAKYPHYYGSSHWYFDVWGQGTLVTVSSASTKGPSVFPLAPSGTAALGCLVKDYFPEPVTVSWNSGALTSGVHTFPAVLQSSGLYSLSSVVTVPSSSLGTQTYICNVNHKPSNTKVDKKVEPK,VVKFMDVYQRSYCHPIETLVDIFQEYPDEIEYIFKPSCVPLMRCGGCCNDEGLECVPTEESNITMQIMRIKPHQGQHIGEMSFLQHNKCECRPKVVKFMDVYQRSYCHPIETLVDIFQEYPDEIEYIFKPSCVPLMRCGGCCNDEGLECVPTEESNITMQIMRIKPHQGQHIGEMSFLQHNKCECRPK,6797cff382957f04,e58f3c1df73a7e06,,,-11.6,-12.2,AB,0.5,1731
1BUH,A,B,benchmarks/downloads/kastritis_81/cleaned/1BUH_AB.pdb,287,70,MENFQKVEKIGEGTYGVVYKARNKLTGEVVALKKIRLDTTAIREISLLKELNHPNIVKLLDVIHTENKLYLVFEFLHQDLKKFMDASALTGIPLPLIKSYLFQLLQGLAFCHSHRVLHRDLKPQNLLINTEGAIKLADFGLARAFGVPVRTYTHEVVTLWYRAPEILLGCKYYSTAVDIWSLGCIFAEMVTRRALFPGDSEIDQLFRIFRTLGTPDEVVWPGVTSMPDYKPSFPKWARQDFSKVVPPLDEDGRSLLSQMLHYDPNKRISAKAALAHPFFQDVTKPVP,QIYYSDKYDDEEFEYRHVMLPKDIAKLVPKTHLMSESEWRNLGVQQSQGWVHYMIHEPEPHILLFRRPLP,7357ee16f42b8574,e88dd8ea9b51bac8,,,-9.7,-8.4,EI,0.75,1324
1BVK,DE,F,benchmarks/downloads/kastritis_81/cleaned/1BVK_AB.pdb,224,129,DIQMTQSPSSLSASVGDRVTITCRASGNIHNYLAWYQQKPGKAPKLLIYYTTTLADGVPSRFSGSGSGTDYTFTISSLQPEDIATYYCQHFWSTPRTFGQGTKVEIKRQVQLQESGPGLVRPSQTLSLTCTVSGFSLTGYGVNWVRQPPGRGLEWIGMIWGDGNTDYNSALKSRVTMLKDTSKNQFSLRLSSVTAADTAVYYCARERDYRLDYWGQGSLVTVSS,KVFGRCELAAAMKRHGLDNYRGYSLGNWVCAAKFESNFNTQATNRNTDGSTDYGILQINSRWWCNDGRTPGSRNLCNIPCSALLSSDITASVNCAKKIVSDGNGMNAWVAWRNRCKGTDVQAWIRGCRL,327914b5038e1786,eaf1f8d7f5bf78bb,,,-10.5,-11.3,A,1.24,1321
1BVN,P,T,benchmarks/downloads/kastritis_81/cleaned/1BVN_AB.pdb,496,71,QYAPQTQSGRTDIVHLFEWRWVDIALECERYLGPKGFGGVQVSPPNENVVVTNPSRPWWERYQPVSYKLCTRSGNENEFRDMVTRCNNVGVRIYVDAVINHMCGSGAAAGTGTTCGSYCNPGSREFPAVPYSAWDFNDGKCKTASGGIESYNDPYQVRDCQLVGLLDLALEKDYVRSMIADYLNKLIDIGVAGFRLDASKHMWPGDIKAVLDKLHNLNTNWFPAGSRPFIFQEVIDLGGEAISSSEYFGNGRVTEFKYGAKLGTVVRKWSGEKMSYLKNWGEGWGFMPSDRALVFVDNHDNQRGHGAGGSSILTFWDARLYKVAVGFMLAHPYGFTRVMSSYRWARNFVNGEDVNDWIGPPNNNGVIKEVTINADTTCGNDWVCEHRWREIRNMVWFRNVVDGQPFANWWDNGSNQVAFGRGNRGFIVFNNDDWQLSSTLQTGLPGGTYCNVISGDKVGNSCTGIKVYVSSDGTAQFSISNSAQDPFIAIHAESKL,VSEPAPSCVTLYQSWRYSQADNGCAETVTVKVVYEDDTEGLCYAVAPGQITTVGDGYIGSHGHARYLARCL,bac27467fbb6d11b,cebdff208512c855,,,-15.1,-13.3,EI,0.87,2222
1CBW,ABC,D,benchmarks/downloads/kastritis_81/cleaned/1CBW_AB.pdb,239,58,CGVPAIQPVLSIVNGEEAVPGSWPWQVSLQDKTGFHFCGGSLINENWVVTAAHCGVTTSDVVVAGEFDQGSSSEKIQKLKIAKVFKNSKYNSLTINNDITLLKLSTAASFSQTVSAVCLPSASDDFAAGTTCVTTGWGLTRYANTPDRLQQASLPLLSNTNCKKYWGTKIKDAMICAGASGVSSCMGDSGGPLVCKKNGAWTLVGIVSWGSSTCSTSTPGVYARVTALVNWVQQTLAAN,RPDFCLEPPYTGPCKARIIRYFYNAKAGLCQTFVYGGCRAKRNNFKSAEDCMRTCGGA,70289d210954d290,70b8ee8cfe717fd0,,,-10.7,-11.3,NC,0.74,1457
1DE4,AB,CF,benchmarks/downloads/kastritis_81/cleaned/1DE4_AB.pdb,371,1270,RSHSLHYLFMGASEQDLGLSLFEALGYVDDQLFVFYDHESRRVEPRTPWVSSRISSQMWLQLSQSLKGWDHMFTVDFWTIMENHNHSKESHTLQVILGCEMQEDNSTEGYWKYGYDGQDHLEFCPDTLDWRAAEPRAWPTKLEWERHKIRARQNRAYLERDCPAQLQQLLELGRGVLDQQVPPLVKVTHHVTSSVTTLRCRALNYYPQNITMKWLKDKQPMDAKEFEPKDVLPNGDGTYQGWITLAVPPGEEQRYTCQVEHPGLDQPLIVIWIQRTPKIQVYSRHPAENGKSNFLNCYVSGFHPSDIEVDLLKNGERIEKVEHSDLSFSKDWSFYLLYYTEFTPTEKDEYACRVNHVTLSQPKIVKWDRDM,LYWDDLKRKLSEKLDSTDFTSTIKLLNENSYVPREAGSQKDENLALYVENQFREFKLSKVWRDQHFVKIQVKDSAQNSVIIVDKNGRLVYLVENPGGYVAYSKAATVTGKLVHANFGTKKDFEDLYTPVNGSIVIVRAGKITFAEKVANAESLNAIGVLIYMDQTKFPIVNAELSFFGHAHLGTGDPYTPGFPSFNHTQFPPSRSSGLPNIPVQTISRAAAEKLFGNMEGDCPSDWKTDSTCRMVTSESKNVKLTVSNVLKEIKILNIFGVIKGFVEPDHYVVVGAQRDAWGPGAAKSGVGTALLLKLAQMFSDMVLKDGFQPSRSIIFASWSAGDFGSVGATEWLEGYLSSLHLKAFTYINLDKAVLGTSNFKVSASPLLYTLIEKTMQNVKHPVTGQFLYQDSNWASKVEKLTLDNAAFPFLAYSGIPAVSFCFCEDTDYPYLGTTMDTYKELIERIPELNKVARAAAEVAGQFVIKLTHDVELNLDYERYNSQLLSFVRDLNQYRADIKEMGLSLQWLYSARGDFFRATSRLTTDFGNAEKTDRFVMKKLNDRVMRVEYHFLSPYVSPKESPFRHVFWGSGSHTLPALLENLKLRKQNNGAFNETLFRNQLALATWTIQGAANALSGDVWDILYWDDLKRKLSEKLDSTDFTSTIKLLNENSYVPREAGSQKDENLALYVENQFREFKLSKVWRDQHFVKIQVKDSAQNSVIIVDKNGRLVYLVENPGGYVAYSKAATVTGKLVHANFGTKKDFEDLYTPVNGSIVIVRAGKITFAEKVANAESLNAIGVLIYMDQTKFPIVNAELSFFGHAHLGTGDPYTPGFPSFNHTQFPPSRSSGLPNIPVQTISRAAAEKLFGNMEGDCPSDWKTDSTCRMVTSESKNVKLTVSNVLKEIKILNIFGVIKGFVEPDHYVVVGAQRDAWGPGAAKSGVGTALLLKLAQMFSDMVLKDGFQPSRSIIFASWSAGDFGSVGATEWLEGYLSSLHLKAFTYINLDKAVLGTSNFKVSASPLLYTLIEKTMQNVKHPVTGQFLYQDSNWASKVEKLTLDNAAFPFLAYSGIPAVSFCFCEDTDYPYLGTTMDTYKELIERIPELNKVARAAAEVAGQFVIKLTHDVELNLDYERYNSQLLSFVRDLNQYRADIKEMGLSLQWLYSARGDFFRATSRLTTDFGNAEKTDRFVMKKLNDRVMRVEYHFLSPYVSPKESPFRHVFWGSGSHTLPALLENLKLRKQNNGAFNETLFRNQLALATWTIQGAANALSGDVWDI,aa3bb35cd6b17b9d,41bab24b30b63a8d,,,-9.8,-8.9,OX,2.59,2066
1DQJ,AB,C,benchmarks/downloads/kastritis_81/cleaned/1DQJ_AB.pdb,424,129,DIVLTQSPATLSVTPGDSVSLSCRASQSISNNLHWYQQKSHESPRLLIKYASQSISGIPSRFSGSGSGTDFTLSINSVETEDFGMYFCQQSNSWPYTFGGGTKLEIKRADAAPTVSIFPPSSEQLTSGGASVVCFLNNFYPKDINVKWKIDGSERQNGVLNSWTDQDSKDSTYSMSSTLTLTKDEYERHNSYTCEATHKTSTSPIVKSFNRNECEVQLQESGPSLVKPSQTLSLTCSVTGDSVTSDYWSWIRKFPGNKLEYMGYISYSGSTYYHPSLKSRISITRDTSKNQYYLQLNSVTTEDTATYYCASWGGDVWGAGTTVTVSSAKTTAPSVYPLAPVCGDTTGSSVTLGCLVKGYFPEPVTLTWNSGSLSSGVHTFPAVLQSDLYTLSSSVTVTSSTWPSQSITCNVAHPASSTKVDKKI,KVFGRCELAAAMKRHGLDNYRGYSLGNWVCAAKFESNFNTQATNRNTDGSTDYGILQINSRWWCNDGRTPGSRNLCNIPCSALLSSDITASVNCAKKIVSDGNGMNAWVAWRNRCKGTDVQAWIRGCRL,07f187ec81d40202,eaf1f8d7f5bf78bb,,,-11.7,-12.7,A,0.75,1765
1E4K,AB,C,benchmarks/downloads/kastritis_81/cleaned/1E4K_AB.pdb,432,172,CPAPELLGGPSVFLFPPKPKDTLMISRTPEVTCVVVDVSHEDPQVKFNWYVDGVQVHNAKTKPREQQYNSTYRVVSVLTVLHQNWLDGKEYKCKVSNKALPAPIEKTISKAKGQPREPQVYTLPPSREEMTKNQVSLTCLVKGFYPSDIAVEWESNGQPENNYKTTPPVLDSDGSFFLYSKLTVDKSRWQQGNVFSCSVMHEALHNHYTQKSLSLSCPAPELLGGPSVFLFPPKPKDTLMISRTPEVTCVVVDVSHEDPQVKFNWYVDGVQVHNAKTKPREQQYNSTYRVVSVLTVLHQNWLDGKEYKCKVSNKALPAPIEKTISKAKGQPREPQVYTLPPSREEMTKNQVSLTCLVKGFYPSDIAVEWESNGQPENNYKTTPPVLDSDGSFFLYSKLTVDKSRWQQGNVFSCSVMHEALHNHYTQKSLSLS,DLPKAVVFLEPQWYSVLEKDSVTLKCQGAYSPEDNSTQWFHNESLISSQASSYFIDAATVNDSGEYRCQTNLSTLSDPVQLEVHIGWLLLQAPRWVFKEEDPIHLRCHSWKNTALHKVTYLQNGKDRKYFHHNSDFHIPKATLKDSGSYFCRGLVGSKNVSSETVNITITQG,05985650bedba1ba,90308369fa570431,,,-7.9,-9.4,OR,2.59,1634
1E6E,A,B,benchmarks/downloads/kastritis_81/cleaned/1E6E_AB.pdb,457,113,EQTPQICVVGSGPAGFYTAQHLLKHHSRAHVDIYEKQLVPFGLVRFGVAPDHPEVKNVINTFTQTARSDRCAFYGNVEVGRDVTVQELQDAYHAVVLSYGAEDHQALDIPGEELPGVFSARAFVGWYNGLPENRELAPDLSCDTAVILGQGNVALDVARILLTPPDHLEKTDITEAALGALRQSRVKTVWIVGRRGPLQVAFTIKELREMIQLPGTRPMLDPADFLGLQDRIKEAARPRKRLMELLLRTATEKPGVEEAARRASASRAWGLRFFRSPQQVLPSPDGRRAAGIRLAVTRLEGIGEATRAVPTGDVEDLPCGLVLSSIGYKSRPIDPSVPFDPKLGVVPNMEGRVVDVPGLYCSGWVKRGPTGVITTTMTDSFLTGQILLQDLKAGHLPSGPRPGSAFIKALLDSRGVWPVSFSDWEKLDAEEVSRGQASGKPREKLLDPQEMLRLLGH,DKITVHFINRDGETLTTKGKIGDSLLDVVVQNNLDIDGFGACEGTLACSTCHLIFEQHIFEKLEAITDEENDMLDLAYGLTDRSRLGCQICLTKAMDNMTVRVPDAVSDARES,3766359f2c1e2407,ece7a9c00c871908,,,-8.3,-8.6,ES,1.33,2315
1E6J,HL,P,benchmarks/downloads/kastritis_81/cleaned/1E6J_AB.pdb,429,210,EVQLQQSGAELARPGASVKMSCKASGYTFTSYTMHWVKQRPGQGLEWIGYINPSSGYSNYNQKFKDKATLTADKSSSTAYMQLSSLTSEDSAVYYCSRPVVRLGYNFDYWGQGSTLTVSSAKTTPPSVYPLAPGSAAQTNSMVTLGCLVKGYFPEPVTVTWNSGSLSSGVHTFPAVLQSDLYTLSSSVTVPSSTWPSETVTCNVAHPASSTKVDKKIVPEIVLTQSPAITAASLGQKVTITCSASSSVSYMHWYQQKSGTSPKPWIYEISKLASGVPARFSGSGSGTSYSLTISSMEAEDAAIYYCQQWNYPFTFGSGTKLEIKRADAAPTVSIFPPSSEQLTSGGASVVCFLNNFYPKDINVKWKIDGSERQNGVLNSWTDQDSKDSTYSMSSTLTLTKDEYERHNSYTCEATHKTSTSPIVKSFNRN,VHQAISPRTLNAWVKVVEEKAFSPEVIPMFSALSEGATPQDLNTMLNTVGGHQAAMQMLKETINEEAAEWDRVHPVHAGPIAPGQMREPRGSDIAGTTSTLQEQIGWMTNNPPIPVGEIYKRWIILGLNKIVRMYSPTSILDIRQGPKEPFRDYVDRFYKTLRAEQASQEVKNWMTETLLVQNANPDCKTILKALGPAATLEEMMTACQG,c8c89a2e306afaee,472b24eec9fc4c14,,,-10.3,-9.1,A,1.05,1245
1E96,A,B,benchmarks/downloads/kastritis_81/cleaned/1E96_AB.pdb,178,185,PQAIKCVVVGDGAVGKTCLLISYTTNAFPGEYIPTVFDNYSANVMVDGKPVNLGLWDTAGLEDYDRLRPLSYPQTDVFLICFSLVSPASFENVRAKWYPEVRHHCPNTPIILVGTKLDLRDDKDTIEKLKEKKLTPITYPQGLAMAKEIGAVKYLECSALTQRGLKTVFDEAIRAVLC,SLVEAISLWNEGVLAADKKDWKGALDAFSAVQDPHSRICFNIGCMYTILKNMTEAEKAFTRSINRDKHLAVAYFQRGMLYYQTEKYDLAIKDLKEALIQLRGNQLIDYKILGLQFKLFACEVLYNIAFMYAKKEEWKKAEEQLALATSMKSEPRHSKIDKAMECVWKQKLYEPVVIPVGKLFRPN,33574090ffe01b09,e28d67e5c131c715,,,-7.4,-8.0,OG,0.71,1179
1EER,A,BC,benchmarks/downloads/kastritis_81/cleaned/1EER_AB.pdb,166,426,APPRLICDSRVLERYLLEAKEAEKITTGCAEHCSLNEKITVPDTKVNFYAWKRMEVGQQAVEVWQGLALLSEAVLRGQALLVKSSQPWEPLQLHVDKAVSGLRSLTTLLRALGAQKEAISNSDAASAAPLRTITADTFRKLFRVYSNFLRGKLKLYTGEACRTGDR,DPKFESKAALLAARGPEELLCFTERLEDLVCFWEEAASAGVGPGQYSFSYQLEDEPWKLCRLHQAPTARGAVRFWCSLPTADTSSFVPLELRVTAASGAPRYHRVIHINEVVLLDAPVGLVARLADESGHVVLRWLPPPETPMTSHIRYEVDVSAGQGAGSVQRVEILEGRTECVLSNLRGRTRYTFAVRARMAEPSFGGFWSEWSEPVSLLTDPKFESKAALLAARGPEELLCFTERLEDLVCFWEEAASAGVGPGQYSFSYQLEDEPWKLCRLHQAPTARGAVRFWCSLPTADTSSFVPLELRVTAASGAPRYHRVIHINEVVLLDAPVGLVARLADESGHVVLRWLPPPETPMTSHIRYEVDVSAGQGAGSVQRVEILEGRTECVLSNLRGRTRYTFAVRARMAEPSFGGFWSEWSEPVSLLT,3698531f48ef8291,6d8d5fda3bfe233f,,,-15.6,-13.6,OR,2.44,3347
1EFN,B,A,benchmarks/downloads/kastritis_81/cleaned/1EFN_AB.pdb,104,57,RPQVPLRPMTYKAAVDLSHFLKEKGGLEGLIHSQRRQDILDLWIYHTQGYFPDWQNYTPGPGVRYPLTFGWCYKLVPVREVLEWRFDSRLAFHHVARELHPEYF,ALFVALYDYEAITEDDLSFHKGEKFQILNSSEGDWWEARSLTTGETGYIPSNYVAPV,8a0d679b3d3128c7,52321486d2b3b3d8,,,-10.1,-8.0,OX,0.9,1253
1EMV,A,B,benchmarks/downloads/kastritis_81/cleaned/1EMV_AB.pdb,83,131,LKHSISDYTEAEFLQLVTTICNADTSSEEELVKLVTHFEEMTEHPSGSDLIYYPKEGDDDSPSGIVNTVKQWRAANGKSGFKQ,MESKRNKPGKATGKGKPVGDKWLDDAGKDSGAPIPDRIADKLRDKEFKSFDDFRKAVWEEVSKDPELSKNLNPSNKSSVSKGYSPFTPKNQQVGGRKVYELHHDKPISQGGEVYDMDNIRVTTPKRHIDIH,94f7cb20661f0c36,95a1175a1c2b01a0,,,-18.6,-11.0,EI,1.28,1535
1EWY,A,C,benchmarks/downloads/kastritis_81/cleaned/1EWY_AB.pdb,303,98,TQAKAKHADVPVNLYRPNAPFIGKVISNEPLVKEGGIGIVQHIKFDLTGGNLKYIEGQSIGIIPPGVDKNGKPEKLRLYSIASTRHGDDVDDKTISLCVRQLEYKHPESGETVYGVCSTYLTHIEPGSEVKITGPVGKEMLLPDDPEANVIMLATGTGIAPMRTYLWRMFKDAERAANPEYQFKGFSWLVFGVPTTPNILYKEELEEIQQKYPDNFRLTYAISREQKNPQGGRMYIQDRVAEHADELWQLIKNQKTHTYICGLRGMEEGIDAALSAAAAKEGVTWSDYQKDLKKAGRWHVETY,ATFKVTLINEAEGTKHEIEVPDDEYILDAAEEQGYDLPFSCRAGACSTCAGKLVSGTVDQSDQSFLDDDQIEAGYVLTCVAYPTSDVVIQTHKEEDLY,85bb8768362d8ac6,d502164165126c96,,,-7.4,-8.3,ES,0.8,1502
1EZU,C,AB,benchmarks/downloads/kastritis_81/cleaned/1EZU_AB.pdb,223,280,IVGGYTCQENSVPYQVSLNSGYHFCGGSLINDQWVVSAAHCYKSRIQVRLGEHNINVLEGDEQFVNAAKIIKHPNFDRKTLNNNIMLIKLSSPVKLNARVATVALPSSCAPAGTQCLISGWGNTLSSGVNEPDLLQCLDAPLLPQADCEASYPGKITDNMVCVGFLEGGKDSCQGDSGGPVVCNGELQGIVSWGYGCALPDNPGVYTKVCNYVDWIQDTIAAN,SVQPLEKIAPYPQAEKGMKRQVIQLTPQEDESTLKVELLIGQTLEVDCNLHRLGGKLENKTLEGWGFPYYVFDKVSSPVSTMMACPDGKKEKKFVTAYLGDAGMLRYNSKLPIVVYTPDNVDVKYRVWKAEEKIDNAVVRSVQPLEKIAPYPQAEKGMKRQVIQLTPQEDESTLKVELLIGQTLEVDCNLHRLGGKLENKTLEGWGFPYYVFDKVSSPVSTMMACPDGKKEKKFVTAYLGDAGMLRYNSKLPIVVYTPDNVDVKYRVWKAEEKIDNAVVR,f4d6f45de24fd211,9ad20faefe905204,,,-13.8,-13.1,EI,1.21,2751
1FC2,C,D,benchmarks/downloads/kastritis_81/cleaned/1FC2_AB.pdb,44,207,FNKEQQNAFYEILHLPNLNEEQRNGFIQSLKDDPSQSANLLAEA,PSVFLFPPKPKDTLMISRTPEVTCVVVDVSHEDPQVKFNWYVDGVQVHNAKTKPREQQYNSTYRVVSVLTVLHQNWLDGKEYKCKVSNKALPAPIEKTISKAKGQPREPQVYTLPPSREEMTKNQVSLTCLVKGFYPSDIAVEWESNGQPENNYKTTPPVLDSDGSFFLYSKLTVDKSRWQQGNVFSCSVMHEALHNHYTQKSLSLS,427f4716151a6efa,572d7fbc12d01c95,,,-10.4,-8.5,OX,1.69,1307
1FFW,A,B,benchmarks/downloads/kastritis_81/cleaned/1FFW_AB.pdb,128,68,ADKELKFLVVDDFSTMRRIVRNLLKELGFNNVEEAEDGVDALNKLQAGGYGFVISDWNMPNMDGLELLKTIRADGAMSALPVLMVTAEAKKENIIAAAQAGASGYVVKPFTAATLEEKLNKIFEKLGM,ARRIILSRLKAGEVDLLEEELGHLTTLTDVVKGADSLSAILPGDIAEDDITAVLCFVIEADQITFETV,53b53a21d59a664e,2675f57ca93307d7,,,-8.1,-5.7,OX,1.43,1170
1FSK,BC,A,benchmarks/downloads/kastritis_81/cleaned/1FSK_AB.pdb,434,159,NIVLTQSPKSMSVSVGERVTLSCKASENVDTYVFWFQQKPDQSPKLLLYGPSNRYTGVPDRFTGSGSTTDFTLTISSVQAEDLADYHCGQSYSYPYTFGGGTKLEIKRADAAPTVSIFPPSSEQLTSGGASVVCFLNNFYPKDINVKWKIDGSERQNGVLNSWTDQDSKDSTYSMSSTLTLTKDEYERHNSYTCEATHKTSTSPIVKSFNRNECQVQLQQPGTELVRPGASVILSCKASGYTFTSYWINWVKQRPGQGLEWVGNIFPSDSYTNYNQKFKDKATLTVDKSSSTAYMQVNSPTSEDSAVYYCTRGARDTWFAYWGQGTLVTVSVAKTTPPSVFPLAPGSAAQTNSMVTLGCLVKGYFPEPVTVTWNSGSLSSGVHTFPAVLQSDLYTLSSSVTVPSSTWPSETVTCNVAHPASSTKVDKKIVPRDC,GVFNYETETTSVIPAARLFKAFILDGDNLFPKVAPQAISSVENIEGNGGPGTIKKISFPEGLPFKYVKDRVDEVDHTNFKYNYSVIEGGPIGDTLEKISNEIKIVATPDGGSILKISNKYHTKGDHEVKAEQVKASKEMGETLLRAVESYLLAHSDAYN,90cb7e1bb90a2abc,349dde616ebe85c4,,,-13.1,-11.7,AB,0.45,1623
1GCQ,B,C,benchmarks/downloads/kastritis_81/cleaned/1GCQ_AB.pdb,57,69,TYVQALFDFDPQEDGELGFRRGDFIHVMDNSDPNWWKGACHGQTGMFPRNYVTPVNR,GSHMPKMEVFQEYYGIPPPPGAFGPFLRLNPGDIVELTKAEAEHNWWEGRNTATNEVGWFPCNRVHPYV,b1f79930623f0863,428ba777003e69b2,,,-6.5,-9.0,OX,0.92,1208
1GLA,G,F,benchmarks/downloads/kastritis_81/cleaned/1GLA_AB.pdb,489,161,KYIVALDQGTTSSRAVVMDHDANIISVSQREFEQIYPKPGWVEHDPMEIWATQSSTLVEVLAKADISSDQIAAIGITNQRETTIVWEKETGKPIYNAIVWQCRRTAEICEHLKRDGLEDYIRSNTGLVIDPYFSGTKVKWILDHVEGSRERARRGELLFGTVDTWLIWKMTQGRVHVTDYTNASRTMLFNIHTLDWDDKMLEVLDIPREMLPEVRRSSEVYGQTNIIPISGIAGDQQAALFGQLCVKEGMAKNTYGTGCFMLMNTGEKAVKSENGLLTTIACGPTGEVNYALEGAVFMAGASIQWLRDEMKLINDAYDSEYFATKVQNTNGVYVVPAFTGLGAPYWDPYARGAIFGLTRGVNANHIIRATLESIAYQTRDVLEAMQADSGIRLHALRVDGGAVANNFLMQFQSDILGTRVERPEVREVTALGAAYLAGLAVGFWQNLDELQEKAVIEREFRPGIETTERNYRYAGWKKAVKRAMAWEEH,GLFDKLKSLVSTIEIIAPLSGEIVNIEDVPDVVFAEKIVGDGIAIKPTGNKMVAPVDGTIGKIFETNHAFSIESDSGVELFVHFGIDTVELKGEGFKRIAEEGQRVKVGDTVIEFDLPLLEEKAKSTLTPVVISNMDEIKELIKLSGSVTVGETPVIRIKK,73b0510ed40eece3,3e267b0bbe49b6b0,,,-6.8,-8.1,ER,0.98,1304
1GXD,A,C,benchmarks/downloads/kastritis_81/cleaned/1GXD_AB.pdb,624,192,APSPIIKFPGDVAPKTDKELAVQYLNTFYGCPKESCNLFVLKDTLKKMQKFFGLPQTGDLDQNTIETMRKPRCGNPDVANYNFFPRKPKWDKNQITYRIIGYTPDLDPETVDDAFARAFQVWSDVTPLRFSRIHDGEADIMINFGRWEHGDGYPFDGKDGLLAHAFAPGTGVGGDSHFDDDELWTLGEGQVVRVKYGNADGEYCKFPFLFNGKEYNSCTDTGRSDGFLWCSTTYNFEKDGKYGFCPHEALFTMGGNAEGQPCKFPFRFQGTSYDSCTTEGRTDGYRWCGTTEDYDRDKKYGFCPETAMSTVGGNSEGAPCVFPFTFLGNKYESCTSAGRSDGKMWCATTANYDDDRKWGFCPDQGYSLFLVAAHAFGHAMGLEHSQDPGALMAPIYTYTKNFRLSQDDIKGIQELYGASPDTPTLGPVTPEICKQDIVFDGIAQIRGEIFFFKDRFIWRTVTPRDKPMGPLLVATFWPELPEKIDAVYEAPQEEKAVFFAGNEYWIYSASTLERGYPKPLTSLGLPPDVQRVDAAFNWSKNKKTYIFAGDKFWRYNEVKKKMDPGFPKLIADAWNAIPDNLDAVVDLQGGGHSYFFKGAYYLKLENQSLKSVKFGSIKSDWLGC,CSCSPVHPQQAFCNADVVIRAKAVSEKEVDSGNDIYGNPIKRIQYEIKQIKMFKGPEKDIEFIYTAPSSAVCGVSLDVGGKKEYLIAGKAEGDGKMHITLCDFIVPWDTLSTTQKKSLNHRYQMGCECKITRCPMIPCYISSPDECLWMDWVTEKNINGHQAKFFACIKRSDGSCAWYRGAAPPKQEFLDIE,7c08967c99178697,0b4ebb708f9ba2d5,,,-11.7,-12.6,EI,1.39,2445
1HE8,B,A,benchmarks/downloads/kastritis_81/cleaned/1HE8_AB.pdb,166,749,MTEYKLVVVGAVGVGKSALTIQLIQNHFVDEYDPTIEDSYRKQVVIDGETCLLDILDTAGQEEYSAMRDQYMRTGEGFLCVFAINNTKSFEDIHQYREQIKRVKDSDDVPMVLVGNKCDLAARTVESRQAQDLARSYGIPYIETSAKTRQGVEDAFYTLVREIRQH,SEESQAFQRQLTALIGYDVTDVSNVHDDELEFTRRGLVTPRMAEVASRDPKLYAMHPWVTSKPLPEYLWKKIANNCIFIKIHRSTTSQTIKVSPDDTPGAILQSFFTKMAKKKSLMDIPESQSEQDFVLRVCGRDEYLVGETPIKNFQWVRHCLKNGEEIHVVLDTPPDPALDEVRKESLWDCDRKFRVKIRGIDIPVLPLTVFVEANIQHGQQVLCQRRTSPKPFTEEVLWNVWLEFSIKIKDLPKGALLNLQIYCKVRLLYYVNLLLIDHRFLLRRGEYVLHMWQISNADKLTSATNPDKENSMSISILLDNYCHPISALDVGLTMQLLDCNFSDENVRAIAVQKLESLEDDDVLHYLLQLVQAVKFEPYHDSALARFLLKRGLRNKRIGHFLFWFLRSEIAQSRHYQQRFAVILEAYLRGCGTAMLHDFTQQVQVIEMLQKVTLDIKSLSSQVISQLKQKLENLQNSQLPESFRVPYDPGLKAGALAIEKCKVMASKKKPLWLEFKCADPTALSNETIGIIFKHGDDLRQDMLILQILRIMESIWETESLDLCLLPYGCISTGDKIGMIEIVKDATTIAKIQQSTFKDEVLNHWLKEKSPTEEKFQAAVERFVYSCAGYCVATFVLGIGDRHNDNIMITETGNLFHIDFGHERVPFVLTPDFLFVMGTSGKKTSPHFQKFQDICVKAYLALRHHTNLLIILFSMMLMTDIEYIRDALTVGKNEEDAKKYFLDQIEVCRDKGWTVQF,e027377d5a22c51f,7ec2eedd92fcbae0,,,-7.4,-7.3,OG,0.92,1305
1I2M,A,B,benchmarks/downloads/kastritis_81/cleaned/1I2M_AB.pdb,165,388,QVQFKLVLVGDGGTGKTTFVKRHLKKYVATLGVEVHPLVFHTNRGPIKFNVWDTAGQEKFGGLRDGYYIQAQCAIIMFDVTSRVTYKNVPNWHRDLVRVCENIPIVLCGNKVDIKDRKVKAKSIVFHRKKNLQYYDISAKSNYNFEKPFLWLARKLIGDPNLEFV,KVSHRSHSTEPGLVLTLGQGDVGQLGLGENVMERKKPALVSIPEDVVQAEAGGMHTVCLSKSGQVYSFGCNDEGALGRDTSVEGSEMVPGKVELQEKVVQVSAGDSHTAALTDDGRVFLWGSFRDNNGVIGLLEPMKKSMVPVQVQLDVPVVKVASGNDHLVMLTADGDLYTLGCGEQGQLGRVPELFANRGGRQGLERLLVPKCVMLKHVRFQDAFCGAYFTFAISHEGHVYGFGLSNYHQLGTPGTESCFIPQNLTSFKNSTKSWVGFSGGQHHTVCMDSEGKAYSLGRAEYGRLGLGEGAEEKSIPTLISRLPAVSSVACGASVGYAVTKDGRVFAWGMGTNYQLGTGQDEDAWSPVEMMGKQLENRVVLSVSSGGQHTVLLVKD,fc8b4757ee8a6dd9,99fc2485839a20fe,,,-15.8,-14.6,OG,2.12,2779
1I4D,D,AB,benchmarks/downloads/kastritis_81/cleaned/1I4D_AB.pdb,177,373,QAIKCVVVGDGAVGKTCLLISYTTNAFPGEYIPTVFDNYSANVMVDGKPVNLGLWDTAGQEDYDRLRPLSYPQTDVFLICFSLVSPASFENVRAKWYPEVRHHCPNTPIILVGTKLDLRDDKDTIEKLKEKKLTPITYPQGLAMAKEIGAVKYLECSALTQRGLKTVFDEAIRAVLC,SRTVDLELELQIELLRETKRKYESVLQLGRALTAHLYSLLQTQHALGDAFADLSQKSPELQEEFGYNAETQKLLCKNGETLLGAVNFFVSSINTLVTKTMEDTLMTVKQYEAARLEYDAYRTDLEELSESAQATFQAHRDKYEKLRGDVAIKLKFLEENKIKVMHKQLLLFHNAVSAYFAGNQKQLEQVDLELELQIELLRETKRKYESVLQLGRALTAHLYSLLQTQHALGDAFADLSQKSPELQEEFGYNAETQKLLCKNGETLLGAVNFFVSSINTLVTKTMEDTLMTVKQYEAARLEYDAYRTDLEESAQATFQAHRDKYEKLRGDVAIKLKFLEENKIKVMHKQLLLFHNAVSAYFAGNQKQLEQTLQ,8d68461f017a5fe0,0e7b77da4fef5ac3,,,-7.5,-9.3,OG,1.41,1657
1J2J,A,B,benchmarks/downloads/kastritis_81/cleaned/1J2J_AB.pdb,165,41,GSMRILMVGLDAAGKTTILYKLKLGEIVTTIPTIGFNVETVEYKNISFTVWDVGGLDKIRPLWRHYFQNTQGLIFVVDSNDRERVNEAREELMRMLAEDELRDAVLLVFANKQDLPNAMNAAEITDKLGLHSLRHRNWYIQATCATSGDGLYEGLDWLSNQLRNQ,IFEDEEKSKMLARLLKSSHPEDLRAANKLIKEMVQEDQKRM,0b5be1b5a4d8d9a0,4c9e35b61772fa91,,,-8.1,-7.0,OG,0.63,1209
1JPS,HL,T,benchmarks/downloads/kastritis_81/cleaned/1JPS_AB.pdb,426,200,DIQMTQSPSSLSASVGDRVTITCRASRDIKSYLNWYQQKPGKAPKVLIYYATSLAEGVPSRFSGSGSGTDYTLTISSLQPEDFATYYCLQHGESPWTFGQGTKVEIKRTVAAPSVFIFPPSDEQLKSGTASVVCLLNNFYPREAKVQWKVDNALQSGNSQESVTEQDSKDSTYSLSSTLTLSKADYEKHKVYACEVTHQGLSSPVTKSFNRGEEVQLVESGGGLVQPGGSLRLSCAASGFNIKEYYMHWVRQAPGKGLEWVGLIDPEQGNTIYDPKFQDRATISADNSKNTAYLQMNSLRAEDTAVYYCARDTAAYFDYWGQGTLVTVSSASTKGPSVFPLAPSSGGTAALGCLVKDYFPEPVTVSWNSGALTSGVHTFPAVLQSSGLYSLSSVVTVPSSSLGTQTYICNVNHKPSNTKVDKKVEP,NTVAAYNLTWKSTNFKTILEWEPKPVNQVYTVQISTKSGDWKSKCFYTTDTECDLTDEIVKDVKQTYLARVFSYPAGNVEPLYENSPEFTPYLETNLGQPTIQSFEQVGTKVNVTVEDERTLVRRNNTFLSLRDVFGKDLIYTLYYWKSSSSGKKTAKTNTNEFLIDVDKGENYCFSVQAVIPSRTVNRKSTDSPVECMG,712c16c7f423cd3b,af664c3b06038d8d,,,-13.6,-12.9,A,0.51,1852
1JTG,B,A,benchmarks/downloads/kastritis_81/cleaned/1JTG_AB.pdb,165,262,AGVMTGAKFTQIQFGMTRQQVLDIAGAENCETGGSFGDSIHCRGHAAGDYYAYATFGFTSAAADAKVDSKSQEKLLAPSAPTLTLAKFNQVTVGMTRAQVLATVGQGSCTTWSEYYPAYPSTAGVTLSLSCFDVDGYSSTGFYRGSAHLWFTDGVLQGKRQWDLV,HPETLVKVKDAEDQLGARVGYIELDLNSGKILESFRPEERFPMMSTFKVLLCGAVLSRIDAGQEQLGRRIHYSQNDLVEYSPVTEKHLTDGMTVRELCSAAITMSDNTAANLLLTTIGGPKELTAFLHNMGDHVTRLDRWEPELNEAIPNDERDTTMPVAMATTLRKLLTGELLTLASRQQLIDWMEAKVAGPLLRSALPAGWFIADKSGAGERGSRGIIAALGPDGKPSRIVVIYTTGSQATMDERNRQIAEIGASLIKHW,f26ea897d1c67fa6,4ff5110be5f21ba8,,,-12.8,-11.6,EI,0.49,2600
1JWH,CD,A,benchmarks/downloads/kastritis_81/cleaned/1JWH_AB.pdb,404,336,EVSWISWFCGLRGNEFFCEVDEDYIQDKFNLTGLNEQVPHYRQALDMILDLEPDEELEDNPNQSDLIEQAAEMLYGLIHARYILTNRGIAQMLEKYQQGDFGYCPRVYCENQPMLPIGLSDIPGEAMVKLYCPKCMDVYTPKSSRHHHTDGAYFGTGFPHMLFMVHPEYRPKRPANQFVPRLYGFKIHPMAYQLQLQAASSSSEEVSWISWFCGLRGNEFFCEVDEDYIQDKFNLTGLNEQVPHYRQALDMILDLEPDEELEDNPNQSDLIEQAAEMLYGLIHARYILTNRGIAQMLEKYQQGDFGYCPRVYCENQPMLPIGLSDIPGEAMVKLYCPKCMDVYTPKSSRHHHTDGAYFGTGFPHMLFMVHPEYRPKRPANQFVPRLYGFKIHPMAYQLQLQAAS,SGPVPSRARVYTDVNTHRPREYWDYESHVVEWGNQDDYQLVRKLGRGKYSEVFEAINITNNEKVVVKILKPVKKKKIKREIKILENLRGGPNIITLADIVKDPVSRTPALVFEHVNNTDFKQLYQTLTDYDIRFYMYEILKALDYCHSMGIMHRDVKPHNVMIDHEHRKLRLIDWGLAEFYHPGQEYNVRVASRYFKGPELLVDYQMYDYSLDMWSLGCMLASMIFRKEPFFHGHDNYDQLVRIAKVLGTEDLYDYIDKYNIELDPRFNDILGRHSRKRWERFVHSENQHLVSPEALDFLDKLLRYDHQSRLTAREAMEHPYFYTVVKDQARMGSS,1bafbd36d04ea596,5b94239357488ecb,,,-11.1,-9.5,ER,1.27,1451
1K5D,AB,C,benchmarks/downloads/kastritis_81/cleaned/1K5D_AB.pdb,352,344,QVQFKLVLVGDGGTGKTTFVKRHLTGEFEKKYVATLGVEVHPLVFHTNRGPIKFNVWDTAGQEKFGGLRDGYYIQAQCAIIMFDVTSRVTYKNVPNWHRDLVRVCENIPIVLCGNKVDIKDRKVKAKSIVFHRKKNLQYYDISAKSNYNFEKPFLWLARKLIGDPNLEFVAMPALAPPEVVMDPALAAQYEHDLEVAQTTALPDEDNHDPQFEPIVSLPEQEIKTLEEDEEELFKMRAKLFRFASENDLPEWKERGTGDVKLLKHKEKGAIRLLMRRDKTLKICANHYITPMMELKPNAGSDRAWVWNTHADFADECPKPELLAIRFLNAENAQKFKTKFEECRKEIEEREK,ARFSIEGKSLKLDAITTEDEKSVFAVLLEDDSVKEIVLSGNTIGTEAARWLSENIASKKDLEIAEFSDIFTGRVKDEIPEALRLLLQALLKCPKLHTVRLSDNAFGPTAQEPLIDFLSKHTPLEHLYLHNNGLGPQAGAKIARALQELAVNKKAKNAPPLRSIICGRNRLENGSMKEWAKTFQSHRLLHTVKMVQNGIRPEGIEHLLLEGLAYCQELKVLDLQDNTFTHLGSSALAIALKSWPNLRELGLNDCLLSARGAAAVVDAFSKLENIGLQTLRLQYNEIELDAVRTLKTVIDEKMPDLLFLELNGNRFSEEDDVVDEIREVFSTRGRGELDELDDMEE,855ba0fc3ee2e668,e48f67fa8dbcd208,,,-12.8,-11.6,OG,1.19,2527
1KAC,A,B,benchmarks/downloads/kastritis_81/cleaned/1KAC_AB.pdb,185,124,TPYDPLTLWTTPDPPPNCSLIQELDAKLTLCLTKNGSIVNGIVSLVGVKGNLLNIQSTTTTVGVHLVFDEQGRLITSTPTALVPQASWGYRQGQSVSTNTVTNGLGFMPNVSAYPRPNASEAKSQMVSLTYLQGDTSKPITMKVAFNGITSLNGYSLTFMWSGLSNYINQPFSTPSCSFSYITQE,GITTPEEMIEKAKGETAYLPCKFTLSPEDQGPLDIEWLISPADNQKVDQVIILYSGDKIYDDYYPDLKGRVHFTSNDLKSGDASINVTNLQLSDIGTYQCKVKKAPGVANKKIHLVVLVKPSGA,4e3402c77bcfe78b,d8ab2ee2b72494b0,,,-10.7,-11.9,OR,0.95,1456
1KKL,ABC,H,benchmarks/downloads/kastritis_81/cleaned/1KKL_AB.pdb,501,86,ERRSMHGVLVDIYGLGVLITGDSGVGKSETALELVQRGHRLIADDRVDVYQQDEQTIVGAAPPILSHLLEIRGLGIIDVMNLFGAGAVREDTTISLIVHLENWTPDEQTQLIFDVPVPKITVPVKVGRNLAIIIEVAAMNFRAKSMGYDATKTFEKNLNHLIEHNEEERRSMHGVLVDIYGLGVLITGDSGVGKSETALELVQRGHRLIADDRVDVYQQDEQTIVGAAPPILSHLLEIRGLGIIDVMNLFGAGAVREDTTISLIVHLENWTPGEQTQLIFDVPVPKITVPVKVGRNLAIIIEVAAMNFRAKSMGYDATKTFEKNLNHLIEHNEAERRSMHGVLVDIYGLGVLITGDSGVGKSETALELVQRGHRLIADDRVDVYQQDEQTIVGAAPPILSHLLEIRGLGIIDVMNLFGAGAVREDTTISLIVHLENWTPDEQTQLIFDVPVPKITVPVKVGRNLAIIIEVAAMNFRAKSMGYDATKTFEKNLNHLIEHNEE,QKTFKVTADSGIHARPATVLVQTASKYDADVNLEYNGKTVNLKSIMGVMSLGIAKGAEITISASGADENDALNALEETMKSERLGE,e04b1621fefac579,d495d7ff17ddf296,,,-10,-9.1,ES,2.2,1641
1KTZ,A,B,benchmarks/downloads/kastritis_81/cleaned/1KTZ_AB.pdb,82,106,ENCCVRPLYIDFRQDLGWKWVHEPKGYYANFCSGPCPYLRSASASPCCVPQDLEPLTILYYVGRTPKVEQLSNMVVKSCKCS,PQLCKFCDVRFSTCDNQKSCMSNCSITSICEKPQEVCVAVWRKNDENITLETVCHDPKLPYHDFILEDAASPKCIMKEKKKPGETFFMCSCSSDECNDNIIFSEEY,9e7913a956d86a62,0fc7764b07092148,,,-8.9,-8.1,OR,0.39,989
1KXQ,H,A,benchmarks/downloads/kastritis_81/cleaned/1KXQ_AB.pdb,120,496,QVQLVESGGGSVQAGGSLSLSCAASTYTDTVGWFRQAPGKEREGVAAIYRRTGYTYSADSVKGRFTLSQDNNKNTVYLQMNSLKPEDTGIYYCATGNSVRLASWEGYFYWGQGTQVTVSS,QYAPQTQSGRTSIVHLFEWRWVDIALECERYLGPKGFGGVQVSPPNENIVVTNPSRPWWERYQPVSYKLCTRSGNENEFRDMVTRCNNVGVRIYVDAVINHMCGSGAAAGTGTTCGSYCNPGSREFPAVPYSAWDFNDGKCKTASGGIESYNDPYQVRDCQLVGLLDLALEKDYVRSMIADYLNKLIDIGVAGFRIDASKHMWPGDIKAVLDKLHNLNTNWFPAGSRPFIFQEVIDLGGEAIKSSEYFGNGRVTEFKYGAKLGTVVRKWSGEKMSYLKNWGEGWGFMPSDRALVFVDNHDNQRGHGAGGSSILTFWDARLYKIAVGFMLAHPYGFTRVMSSYRWARNFVNGEDVNDWIGPPNNNGVIKEVTINADTTCGNDWVCEHRWREIRNMVWFRNVVDGQPFANWWDNGSNQVAFGRGNRGFIVFNNDDWQLSSTLQTGLPGGTYCDVISGDKVGNSCTGIKVYVSSDGTAQFSISNSAEDPFIAIHAESKL,01a6c8a37cc01165,92e346e174a7530c,,,-11.5,-11.8,AB,0.72,2172
1LFD,B,A,benchmarks/downloads/kastritis_81/cleaned/1LFD_AB.pdb,167,87,MTEYKLVVVGAGGVGKSALTIQLIQNHFVDKYDPTIEDSYRKQVVIDGETCLLDILDTAGQEEYSAMRDQYMRTGEGFLCVFAINNTKSFEDIHQYREQIKRVKDSDDVPMVLVGNKCDLAARTVESRQAQDLARSYGIPYIETSAKTRQGVEDAFYTLVREIRQHK,GDCCIIRVSLDVDNGNMYKSILVTSQDKAPTVIRKAMDKHNLDEDEPEDYELLQIISEDHKLKIPENANVFYAMNSAANYDFILKKR,078ef35cd6451eb2,6d3621cc991b3737,,,-7.8,-8.4,OG,1.79,1167
1M10,A,B,benchmarks/downloads/kastritis_81/cleaned/1M10_AB.pdb,199,267,HDFYCSRLLDLVFLLDGSSRLSEAEFEVLKAFVVDMMEQLRISQKWVRVAVVEYHDGSHAYIGLKDRKRPSELRRIASQVKYAGSQVASTSEVLKYTLFQIFSKIDRPEASRIALLLMASQEPQRMSRNFVRYVQGLKKKKVIVIPVGIGPHANLKQIRLIEKQAPENKAFVLSSVDELEQQRDEIVSYLCDLAPEAPP,HPICEVSKVASHLEVNCDKRQLTALPPDLPKDTTILHLSENLLYTFSLATLMPYTRLTQLNLDRCELTKLQVDGTLPVLGTLDLSHNQLQSLPLLGQTLPALTVLDVSFNRLTSLPLGALRGLGELQELYLKGNELKTLPPGLLTPTPKLEKLSLANNQLTELPAGLLNGLENLDTLLLQENSLYTIPKGFFGSHLLPFAFLHGNPWLCNCEILYFRRWLQDNAENVYVWKQGVDVKAVTSNVASVQCDNSDKFPVYKYPGKGCPTL,f85ac5ae079bacbb,318ab885d51c2ced,,,-11.2,-10.5,ER,2.1,2097
1MLC,AB,E,benchmarks/downloads/kastritis_81/cleaned/1MLC_AB.pdb,432,129,DIELTQSPATLSVTPGDSVSLSCRASQSISNNLHWYQQKSHESPRLLIKYVSQSSSGIPSRFSGSGSGTDFTLSINSVETEDFGMYFCQQSNSWPRTFGGGTKLEIKRADAAPTVSIFPPSSEQLTSGGASVVCFLNNFYPKDINVKWKIDGSERQNGVLNSWTDQDSKDSTYSMSSTLTLTKDEYERHNSYTCEATHKTSTSPIVKSFNRNECQVQLQESGAEVMKPGASVKISCKATGYTFSTYWIEWVKQRPGHGLEWIGEILPGSGSTYYNEKFKGKATFTADTSSNTAYMQLSSLTSEDSAVYYCARGDGNYGYWGQGTTLTVSSASTTPPSVFPLAPGSAAQTNSMVTLGCLVKGYFPEPVTVTWNSGSLSSGVHTFPAVLQSDLYTLSSSVTVPSSPRPSETVTCNVAHPASSTKVDKKIVPRDC,KVFGRCELAAAMKRHGLDNYRGYSLGNWVCAAKFESNFNTQATNRNTDGSTDYGILQINSRWWCNDGRTPGSRNLCNIPCSALLSSDITASVNCAKKIVSDGNGMNAWVAWRNRCKGTDVQAWIRGCRL,f370113a7d5c2039,eaf1f8d7f5bf78bb,,,-9.6,-10.3,NC,0.6,1392
1MQ8,A,B,benchmarks/downloads/kastritis_81/cleaned/1MQ8_AB.pdb,184,177,QTSVSPSKVILPRGGSVLVTCSTSCDQPKLLGIETPLPKKELLLPGNNRKVYELSNVQEDSQPMCYSNCPDGQSTAKTFLTVYWTPERVELAPLPSWQPVGKNLTLRCQVEGGAPRANLTVVLLRGEKELKREPAVGEPAEVTTTVLVRRDHHGANFSCRTELDLRPQGLELFENTSAPYQLQT,VDLVFLFDGSMSLQPDEFQKILDFMKDVMKKCSNTSYQFAAVQFSTSYKTEFDFSDYVKRKDPDALLKHVKHMLLLTNTFGAINYVATEVFREELGARPDATKVLIIITDGEATDSGNIDAAKDIIRYIIGIGKHFQTKESQETLHKFASKPASEFVKILDTFEKLKDLCTELQKKI,b88f6a278c18da4b,f80456e1f8ffbe00,,,-7.5,-8.2,OX,1.76,1241
1P2C,AB,C,benchmarks/downloads/kastritis_81/cleaned/1P2C_AB.pdb,422,129,DIELTQSPATLSVTPGDSVSLSCRASQSISNNLHWYQQKSHESPRLLIKYTSQSMSGIPSRFSGSGSGTDFTLSINSVETEDFGVYFCQQSGSWPRTFGGGTKLDIKRADAAPTVSIFPPSSEQLTSGGASVVCFLNNFYPKDINVKWKIDGSERQNGVLNSWTDQDSKDSTYSMSSTLTLTKDEYERHNSYTCEATHKTSTSPIVKSFNRNEVQLQESGAELMKPGASVKISCKATGYTFTTYWIEWIKQRPGHSLEWIGEILPGSDSTYYNEKVKGKVTFTADASSNTAYMQLSSLTSEDSAVYYCARGDGFYVYWGQGTTLTVSSASTTPPSVYPLAPGSMVTLGCLVKGYFPEPVTVTWNSGSLSSGVHTFPAVLQSDLYTLSSSVTVPSSPWPSETVTCNVAHPASSTKVDKKIVPR,KVFGRCELAAAMKRHGLDNYRGYSLGNWVCAAKFESNFNTQATNRNTDGSTDYGILQINSRWWCNDGRTPGSRNLCNIPCSALLSSDITASVNCAKKIVSDGNGMNAWVAWRNRCKGTDVQAWIRGCRL,f1ecad8b6810c88d,eaf1f8d7f5bf78bb,,,-13.6,-11.4,A,0.46,1456
1PPE,E,I,benchmarks/downloads/kastritis_81/cleaned/1PPE_AB.pdb,223,29,IVGGYTCGANTVPYQVSLNSGYHFCGGSLINSQWVVSAAHCYKSGIQVRLGEDNINVVEGNEQFISASKSIVHPSYNSNTLNNDIMLIKLKSAASLNSRVASISLPTSCASAGTQCLISGWGNTKSSGTSYPDVLKCLKAPILSDSSCKSAYPGQITSNMFCAGYLEGGKDSCQGDSGGPVVCSGKLQGIVSWGSGCAQKNKPGVYTKVCNYVSWIKQTIASN,RVCPRILMECKKDSDCLAECVCLEHGYCG,fef138107d090c59,64d1ad9a052366a0,,,-15.6,-14.7,EI,0.34,1688
1PVH,A,B,benchmarks/downloads/kastritis_81/cleaned/1PVH_AB.pdb,201,169,GLPPEKPKNLSCIVNEGKKMRCEWDGGRETHLETNFTLKSEWATHKFADCKAKRDTPTSCTVDYSTVYFVNIEVWVEAENALGKVTSDHINFDPVYKVKPNPPHNLSVINSEELSSILKLTWTNPSIKSVIILKYNIQYRTKDASTWSQIPPEDTASTRSSFTVQDLKPFTEYVFRIRCMKEDGKGYWSDWSEEASGITYE,CAIRHPCHNNLMNQIRSQLAQLNGSANALFILYYTAQGEPFPNNLDKLCGPNVTDFPPFHANGTEKAKLVELYRIVVYLGTSLGNITRDQKILNPSALSLHSKLNATADILRGLLSNVLCRLCSKYHVGHVDVTYGPDTSGKDVFQKKKLGCQLLGKYKQIIAVLAQAF,1690d637d6535ebd,f85ea3881629e595,,,-9.5,-10.9,OR,0.34,1403
1QA9,A,B,benchmarks/downloads/kastritis_81/cleaned/1QA9_AB.pdb,102,95,TNALETWGALGQDINLDIPSFQMSDDIDDIKWEKTSDKKKIAQFRKEKETFKEKDTYELLKNGALKIKHLKTDDQDIYKVSIYDTKGKNVLEKIFDLKIQER,SSQQIYGVKYGNVTFHVPSNQPLKEVLWKKQKDKVAELENSEFRAFSSFKNRVYLDTKSGSLTIYNLTSSDEDEYEMESPNITDSMKFFLYVGES,5c81d682d2ffb1bc,1129c3c8bd12eccd,,,-7.2,-9.6,OX,0.73,1353
1R0R,E,I,benchmarks/downloads/kastritis_81/cleaned/1R0R_AB.pdb,274,51,AQTVPYGIPLIKADKVQAQGFKGANVKVAVLDTGIQASHPDLNVVGGASFVAGEAYNTDGNGHGTHVAGTVAALDNTTGVLGVAPSVSLYAVKVLNSSGSGSYSGIVSGIEWATTNGMDVINMSLGGASGSTAMKQAVDNAYARGVVVVAAAGNSGNSGSTNTIGYPAKYDSVIAVGAVDSNSNRASFSSVGAELEVMAPGAGVYSTYPTNTYATLNGTSMASPHVAGAAALILSKHPNLSASQVRNRLSSTATYLGSSFYYGKGLINVEAAAQ,VDCSEYPKPACTLEYRPLCGSDNKTYGNKCNFCNAVVESNGTLTLSHFGKC,34b1ded61898cae5,f8ce6fb852159c2b,,,-14.2,-11.3,EI,0.45,1409
1S1Q,A,B,benchmarks/downloads/kastritis_81/cleaned/1S1Q_AB.pdb,137,71,VSESQLKKVSKYKYRDLTVRETVNVITLYKDLKPVLDSYVFNDGSSRELNLTGTIPVPYRGNTYNIPICLWLLDTYPYNPPICFVKPTSSTIKTGKHVDANGKIYLPYLHEWKHPQSDLLGLIQVIVVFGDEPPVFS,QIFVKTLTGKTITLEVEPSDTIENVKAKIQDKEGIPPDQQRLIFAGKQLEDGRTLSDYNIQKESTLHLVLR,c4f58294b97ef6a0,8398fa368dba9ea0,,,-4.3,-9.0,OX,0.98,1288
1US7,A,B,benchmarks/downloads/kastritis_81/cleaned/1US7_AB.pdb,207,194,ASETFEFQAEITQLMSLIINTVYSNKEIFLRELISNASDALDKIRYKSLSDPKQLETEPDLFIRITPKPEQKVLEIRDSGIGMTKAELINNLGTIAKSGTKAFMEALSAGADVSMIGQFGVGFYSLFLVADRVQVISKSNDDEQYIWESNAGGSFTVTLDEVNERIGRGTILRLFLKDDQLEYLEEKRIKEVIKRHSEFVAYPIQLV,HKTFVEKYEKQIKHFGMLRRWDDSQKYLSDNVHLVCEETANYLVIWCIDLEVEEKCALMEQVAHQTIVMQFILELAKSLKVDPRACFRQFFTKIKTADRQYMEGFNDELEAFKERVRGRAKLRIEKAMKEYEEEERKKRLGPGGLDPVEVYESLPEELQKCMLQDAISKMDPTDAKYHMQRCIDSGLWVPNSKA,c7ca796ed7b3ac91,dcca2b9ed33f4825,,,-8.1,-6.8,ER,1.06,1106
1VFB,AB,C,benchmarks/downloads/kastritis_81/cleaned/1VFB_AB.pdb,223,129,DIVLTQSPASLSASVGETVTITCRASGNIHNYLAWYQQKQGKSPQLLVYYTTTLADGVPSRFSGSGSGTQYSLKINSLQPEDFGSYYCQHFWSTPRTFGGGTKLEIKQVQLQESGPGLVAPSQSLSITCTVSGFSLTGYGVNWVRQPPGKGLEWLGMIWGDGNTDYNSALKSRLSISKDNSKSQVFLKMNSLHTDDTARYYCARERDYRLDYWGQGTTLTVSS,KVFGRCELAAAMKRHGLDNYRGYSLGNWVCAAKFESNFNTQATNRNTDGSTDYGILQINSRWWCNDGRTPGSRNLCNIPCSALLSSDITASVNCAKKIVSDGNGMNAWVAWRNRCKGTDVQAWIRGCRL,29c3ac65d31970cd,eaf1f8d7f5bf78bb,,,-11.5,-11.4,A,1.02,1383
1WEJ,HL,F,benchmarks/downloads/kastritis_81/cleaned/1WEJ_AB.pdb,437,104,DIQMTQSPASLSASVGETVTITCRASGNIHNYLAWYQQKQGKSPQLLVYNAKTLADGVPSRFSGSGSGTQYSLKINSLQPEDFGSYYCQHFWSTPWTFGGGTKLEIKRADAAPTVSIFPPSSEQLTSGGASVVCFLNNFYPKDINVKWKIDGSERQNGVLNSWTDQDSKDSTYSMSSTLTLTKDEYERHNSYTCEATHKTSTSPIVKSFNRNECEVQLQQSGAELVKPGASVKLSCTASGFNIKDTYMHWVKQRPEKGLEWIGRIDPASGNTKYDPKFQDKATITADTSSNTAYLQLSSLTSEDTAVYYCAGYDYGNFDYWGQGTTLTVSSAETTPPSVYPLAPGTAALKSSMVTLGCLVKGYFPEPVTVTWNSGSLSSGVHTFPAVLQSDLYTLTSSVTVPSSTWPSQTVTCNVAHPASSTKVDKKIVPRNCGGDC,GDVEKGKKIFVQKCAQCHTVEKGGKHKTGPNLHGLFGRKTGQAPGFTYTDANKNKGITWKEETLMEYLENPKKYIPGTKMIFAGIKKKTEREDLIAYLKKATNE,c7013edb5d5fa622,e8665b5ad8005888,,,-12.5,-9.4,A,0.31,1177
1XQS,A,C,benchmarks/downloads/kastritis_81/cleaned/1XQS_AB.pdb,264,165,RGEVEQMKSCLRVLSQPMPPTAGEAEQAADQQEREGALELLADLCENMDNAADFCQLSGMHLLVGRYLEAGAAGLRWRAAQLIGTCSQNVAAIQEQVLGLGALRKLLRLLDRDACDTVRVKALFAISCLVREQEAGLLQFLRLDGFSVLMRAMQQQVQKLKVKSAFLLQNLLVGHPEHKGTLCSMGMVQQLVALVRTEHSPFHEHVLGALCSLVTDFPQGVRECREPELGLEELLRHRCQLLQQHEEYQEELEFCEKLLQTCFS,ERNVLIFDLGGGTFDVSILTIDDGIFEVKATAGDTHLGGEDFDNRLVNHFVEEFKRKHKKDISQNKRAVRRLRTACERAKRTLSSSTQASLEIDSLFEGIDFYTSITRARFEELCSDLFRSTLEPVEKALRDAKLDKAQIHDLVLVGGSTRIPKVQKLLQDFFNG,a7e6d7e606d698e2,72811532cf4e682a,,,-7.1,-11.2,OX,1.77,2350
1XU1,ABD,T,benchmarks/downloads/kastritis_81/cleaned/1XU1_AB.pdb,411,39,KHSVLHLVPVNITSKADSDVTEVMWQPVLRRGRGLEAQGDIVRVWDTGIYLLYSQVLFHDVTFTMGQVVSREGQGRRETLFRCIRSMPSDPDRAYNSCYSAGVFHLHQGDIITVKIPRANAKLSLSPHGTFLGFVKLKHSVLHLVPVNITSKADSDVTEVMWQPVLRRGRGLEAQGDIVRVWDTGIYLLYSQVLFHDVTFTMGQVVSREGQGRRETLFRCIRSMPSDPDRAYNSCYSAGVFHLHQGDIITVKIPRANAKLSLSPHGTFLGFVKLKHSVLHLVPVNITSKADSDVTEVMWQPVLRRGRGLEAQGDIVRVWDTGIYLLYSQVLFHDVTFTMGQVVSREGQGRRETLFRCIRSMPSDPDRAYNSCYSAGVFHLHQGDIITVKIPRANAKLSLSPHGTFLGFVKL,CRKEQGKFYDHLLRDCISCASICGQHPKQCAYFCENKLR,6f00b4395e5e1e41,aa9600fb4cf74db0,,,-11.2,-9.1,OR,1.3,1700
1Z0K,A,B,benchmarks/downloads/kastritis_81/cleaned/1Z0K_AB.pdb,169,61,TYDFLFKFLVIGNAGTGKSCLLHQFIEKKFKDDSNHTIGVEFGSKIINVGGKYVKLQIWDTAGLERFRSVTRSYYRGAAGALLVYDITSRETYNALTNWLTDARMLASQNIVIILCGNKKDLDADREVTFLEASRFAQENELMFLETSALTGEDVEEAFVQCARKILNK,EGWLPLSGGQGQSEDSDPLLQQIHNITSFIRQAKAAGRMDEVRTLQENLRQLQDEYDQQQT,68c6bdb24d4464ef,b816a9d0b3c7fb18,,,-7,-11.7,OG,0.53,1787
1ZHI,A,B,benchmarks/downloads/kastritis_81/cleaned/1ZHI_AB.pdb,195,125,GWEIITTDEQGNIIDGGTEHYLKRSSDGIKLGRGDSVVMHNEAAGTYSVYMIQELRLNTLNNVVELWALTYLRWFEVNPLAHYRQFNPDANILNRPLNYYNKLFSETANKNELYLTAELAELQLFNFIRVANVMDGSKWEVLKGNVDPERDFTVRYICEPTGEKFVDINIEDVKAYIKKVEPREAQEYLKDLTLP,EEYVSPRFLVADGFLIDLAEEKPINPKDPRLLTLLKDHQRAMIDQMNLVKWNDFKKYQDPIPLKAKTLFKFCKQIKKKFLRGADFKLHTLPTEANLKYEPERMTVLASCVPILLDDQTVQYLYDD,310b0627a1881377,73e6cf5df39834c8,,,-9.1,-8.7,OX,0.68,1322
2A9K,A,B,benchmarks/downloads/kastritis_81/cleaned/2A9K_AB.pdb,170,207,ALHKVIMVGSGGVGKSALTLQFMYDEFVEDYEPTKADSYRKKVVLDGEEVQIDILDTAGQEDYAAIRDNYFRSGEGFLCVFSITEMESFAATADFREQILRVKEDENVPFLLVGNKSDLEDKRQVSVEEAKNRAEQWNVNYVETSAKTRANVDKVFFDLMREIRARKMED,TYQEFTNIDQAKAWGNAQYKKYGLSKSEKEAIVSYTKSASEINGKLRQNKGVINGFPSNLIKQVELLDKSFNKMKTPENIMLFRGDDPAYLGTEFQNTLLNSNGTINKTAFEKAKAKFLNKDRLEYGYISTSLMNVSQFAGRPIITKFKVAKGSKAGYIDPISAFAGQLEMLLPRHSTYHIDDMRLSSDGKQIIITATMMGTAINPK,019961cc47d3d213,fc0a3fa45dd0817f,,,-10.2,-11.5,ES,0.85,1751
2ABZ,B,E,benchmarks/downloads/kastritis_81/cleaned/2ABZ_AB.pdb,301,60,STNTFNYATYHTLDEIYDFMDLLVAEHPQLVSKLQIGRSYEGRPIYVLKFSTGGSNRPAIWIDLGIHSREWITQATGVWFAKKFTEDYGQDPSFTAILDSMDIFLEIVTNPDGFAFTHSQNRLWRKTRSVTSLCVGVDANRNWDAGFGKAGASSSPCSETYHGKYANSEVEVKSIVDFVKDHGNFKAFLSIHSYSQLLLYPYGYTTQSIPDKTELNQVAKSAVAALKSLYGTSYKYGSIITTIYQASGGSIDWSYNQGIKYSFTFELRDTGRYGFLLPASQIIPTAQETWLGVLTIMEHTV,DESFLCYQPDQVCAFICRGAAPLPSEGECNPHPTAPWAREGAVEWVPYTGQCRTTCIPYV,db4ac1620cdb49d8,74a1cbc586a36b22,,,-11.7,-12.0,EI,0.9,1447
2AJF,A,E,benchmarks/downloads/kastritis_81/cleaned/2AJF_AB.pdb,597,174,STIEEQAKTFLDKFNHEAEDLFYQSSLASWNYNTNITEENVQNMNNAGDKWSAFLKEQSTLAQMYPLQEIQNLTVKLQLQALQQNGSSVLSEDKSKRLNTILNTMSTIYSTGKVCNPDNPQECLLLEPGLNEIMANSLDYNERLWAWESWRSEVGKQLRPLYEEYVVLKNEMARANHYEDYGDYWRGDYEVNGVDGYDYSRGQLIEDVEHTFEEIKPLYEHLHAYVRAKLMNAYPSYISPIGCLPAHLLGDMWGRFWTNLYSLTVPFGQKPNIDVTDAMVDQAWDAQRIFKEAEKFFVSVGLPNMTQGFWENSMLTDPGNVQKAVCHPTAWDLGKGDFRILMCTKVTMDDFLTAHHEMGHIQYDMAYAAQPFLLRNGANEGFHEAVGEIMSLSAATPKHLKSIGLLSPDFQEDNETEINFLLKQALTIVGTLPFTYMLEKWRWMVFKGEIPKDQWMKKWWEMKREIVGVVEPVPHDETYCDPASLFHVSNDYSFIRYYTRTLYQFQFQEALCQAAKHEGPLHKCDISNSTEAGQKLFNMLRLGKSEPWTLALENVVGAKNMNVRPLLNYFEPLFTWLKDQNKNSFVGWSTDWSPYAD,CPFGEVFNATKFPSVYAWERKKISNCVADYSVLYNSTFFSTFKCYGVSATKLNVYADSFVVKGDDVRQIAPGQTGVIADYNYKLPDDFMGCVLAWNTRNIDATSTGNYNYKYRYLRHGKLRPFERDISNVPFSPDGKPCTPPALNCYWPLNDYGFYTTTGIGYQPYRVVVLSFE,f5082d81b27b53df,ce358ba9311fc770,,,-10.6,-10.8,OR,0.65,1704
2AQ3,A,B,benchmarks/downloads/kastritis_81/cleaned/2AQ3_AB.pdb,109,234,AAVTQSPRNKVAVTGEKVTLSCQQTNNHNNMYWYRQDTGHGLRLIHYSYGAGSTEKGDIPDGYKASRPSQEQFSLILESATPSQTSVYFCASGGGGTLYFGAGTRLSVL,SQPDPMPDDLHKSSEFTGTMGNMKYLYDDHYVSATKVKSVDKFLAHDLIYNISDKKLKNYDKVKTELLNEDLAKKYKDEVVDVYGSNYYVNCYFSSKDGKVTGGKTCMYGGITKHEGNHFDNGNLQNVLVRVYENKRNTISFEVQTDKKSVTAQELDIKARNFLINKKNLYEFNSSPYETGYIKFIENNGNTFWYDMMPAPGDKFDQSKYLMMYNDNKTVDSKSVKIEVHLTTK,0ecbfaa60adf2f66,6fa42a261eb8ad23,,,-6.7,-7.4,NC,1.82,1105
2C0L,A,B,benchmarks/downloads/kastritis_81/cleaned/2C0L_AB.pdb,292,122,HPQPFEEGLRRLQEGDLPNAVLLFEAAVQQDPKHMEAWQYLGTTQAENEQELLAISALRRCLELKPDNQTALMALAVSFTNESLQRQACEILRDWLRYTPAYAHLVPSKRILGSLLSDSLFLEVKELFLAAVRLDPTSIDPDVQCGLGVLFNLSGEYDKAVDCFTAALSVRPNDYLLWNKLGATLANGNQSEEAVAAYRRALELQPGYIRSRYNLGISCINLGAHREAVEHFLEALNMQRKSRGPRGEGGAMSENIWSTLRLALSMLGQSDAYGAADARDLSTLLTMFGLPQ,SASDGFKANLVFKEIEKKLEEEGEQFVKKIGGIFAFKVKDGPGGKEATWVVDVKNGKGSVLPNSDKKADCTITMADSDFLALMTGKMNPQSAFFQGKLKITGNMGLAMKLQNLQLQPGNAKL,7877308f1954a42c,0de895fb1eb02e0e,,,-9.8,-11.2,OX,2.62,2013
2FJU,B,A,benchmarks/downloads/kastritis_81/cleaned/2FJU_AB.pdb,696,177,PKVKAYLSQGERFIKWDDETTVASPVILRVDPKGYYLYWTYQSKEMEFLDITSIRDTRFGKFAKMPKSQKLRDVFNMDFPDNSFLLKTLTVVSGPDMVDLTFHNFVSYKENVGKAWAEDVLALVKHPLTANASRSTFLDKILVKLKMQLNSEGKIPVKNFFQMFPADRKRVEAALSACHLPKGKNDAINPEDFPEPVYKSFLMSLCPRPEIDEIFTSYMTKEHLTKFINQKQRDQGLIDKYEPSGQLSPEGMVWFLCGPENSVLAQDKLLLHHDMTQPLNHYFINSSHNTYLTAGQFSGLSSAEMYRQVLLSGCRCVELDCWKGKPPDEEPIITHGFTMTTDIFFKEAIEAIAESAFKTSPYPIILSFENHVDSPRQQAKMAEYCRTIFGDMLLTEPLEKFPLKPGVPLPSPEDLRGKILIKNKKEESGNLDEEEIKKMQSDEGTAGLEVTAYEEMSSLVNYIQPTKFVSFEFSAQKNRSYVISSFTELKAYDLLSKASVQFVDYNKRQMSRIYPKGTRMDSSNYMPQMFWNAGCQMVALNFQTMDLPMQQNMAVFEFNGQSGYLLKHEFMRRPTTLSITVISGQFLSERSVRTYVEVELFGLPGDPKRRYRTKLSPSTNSINPVWKEEPFVFEKILMPELASLRVAVMEEGNKFLGHRIIPINALNSGYHHLCLHSESNMPLTMPALFIFLEMKD,MQAIKCVVVGDGAVGKTCLLISYTTNAFPGEYIPTVFDNYSANVMVDGKPVNLGLWDTAGQEDYDRLRPLSYPQTDVFLICFSLVSPASFENVRAKWYPEVRHHCPNTPIILVGTKLDLRDDKDTIEKLKEKKLTPITYPQGLAMAKEIGAVKYLECSALTQRGLKTVFDEAIRAVL,1fb817c6105757b8,764d1949aab5e31e,,,-7.2,-5.9,OG,1.04,1245
2GOX,A,B,benchmarks/downloads/kastritis_81/cleaned/2GOX_AB.pdb,297,65,GSRSTDAERLKHLIVTPSGAGEQNMIGMTPTVIAVHYLDETEQWEKFGLEKRQGALELIKKGYTQQLAFRQPSSAFAAFVKRAPSTWLTAYVVKVFSLAVNLIAIDSQVLCGAVKWLILEKQKPDGVFQEDAPVIHQEMIGGLRNNNEKDMALTAFVLISLQEAKDICEEQVNSLPGSITKAGDFLEANYMNLQRSYTVAIAGYALAQMGRLKGPLLNKFLTTAKDKNRWEDPGKQLYNVEATSYALLALLQLKDFDFVPPVVRWLNEQRYYGGGYGSTQATFMVFQALAQYQKDAP,TDATIKKEQKLIQAQNLVREFEKTHTVSAHRKAQKAVNLVSFEYKVKKMVLQERIDNVLKQGLVR,0013dcc48238830d,6177fa6725dbb717,,,-12.1,-11.3,OX,0.6,1631
2HQS,A,H,benchmarks/downloads/kastritis_81/cleaned/2HQS_AB.pdb,412,108,VRIVIDSGVDSGRPIGVVPFQWAGPGAAPEDIGGIVAADLRNSGKFNPLDRARLPQQPGSAQEVQPAAWSALGIDAVVVGQVTPNPDGSYNVAYQLVDTGGAPGTVLAQNSYKVNKQWLRYAGHTASDEVFEKLTGIKGAFRTRIAYVVQTNGGQFPYELRVSDYDGYNQFVVHRSPQPLMSPAWSPDGSKLAYVTFESGRSALVIQTLANGAVRQVASFPRHNGAPAFSPDGSKLAFALSKTGSLNLYVMDLASGQIRQVTDGRSNNTEPTWFPDSQNLAFTSDQAGRPQVYKVNINGGAPQRITWEGSQNQDADVSSDGKFMVMVSSNGGQQHIAKQDLATGGVQVLSSTFLDETPSLAPNGTMVIYSSSQGMGSVLNLVSTDGRFKARLPATDGQVKFPAWSPYLHHHH,QNNIVYFDLDKYDIRSDFAQMLDAHANFLRSNPSYKVTVEGHADERGTPEYNISLGERRANAVKMYLQGKGVSADQISIVSYGKEKPAVLGHDEAAYSKNRRAVLVYL,5039b867fc26ba5c,c5b07e3807d027c7,,,-10.2,-12.1,OX,1.14,2333
2HRK,A,B,benchmarks/downloads/kastritis_81/cleaned/2HRK_AB.pdb,177,121,PSTLTINGKAPIVAYAELIAARIVNALAPNSIAIKLVDDKKAPAAKLDDATEDVFNKITSKFAAIFDNGDKEQVAKWVNLAQKELVIKNFAKLSQSLETLDSQLNLRTFILGGLKYSAADVACWGALRSNGMCGSIIKNKVDVNVSRWYTLLEMDPIFGEAHDFLSKSLLELKKSAN,MSDLVTKFESLIISKYPVSFTKEQSAQAAQWESVLKSGQIQPHLDQLNLVLRDNTFIVSTLYPTSTDVHVFEVALPLIKDLVASSKDVKSTYTTYRHILRWIDYMQNLLEVSSTDKLEINH,ae9f315fe9d98652,76f9adcca3e7424f,,,-11,-8.7,OX,2.03,1595
2I25,N,L,benchmarks/downloads/kastritis_81/cleaned/2I25_AB.pdb,114,129,RVDQTPQRITKETGESLTINCVVRDSRCVLSTGYWYRKPPGSRNEESISDGGRYVETVNRGSKSFSLRINDLTVKDSGTYRCKPESRYGSYDAVCAALNDQYGGGTVVTVNAAA,KVFGRCELAAAMKRHGLDNYRGYSLGNWVCAAKFESNFNTQATNRNTDGSTDYGILQINSRWWCNDGRTPGSRNLCNIPCSALLSSDITASVNCAKKIVSDGNGMNAWVAWRNRCKGTDVQAWIRGCRL,ea7f5b0a1bd554ba,eaf1f8d7f5bf78bb,,,-12.3,-12.0,A,1.21,1425
2MTA,HL,A,benchmarks/downloads/kastritis_81/cleaned/2MTA_AB.pdb,497,105,QGQAAARAAAADLAAGQDDEPRILEAPAPDARRVYVNDPAHFAAVTQQFVIDGEAGRVIGMIDGGFLPNPVVADDGSFIAHASTVFSRIARGERTDYVEVFDPVTLLPTADIELPDAPRFLVGTYPWMTSLTPDGKTLLFYQFSPAPAVGVVDLEGKAFKRMLDVPDCYHIFPTAPDTFFMHCRDGSLAKVAFGTEGTPEITHTEVFHPEDEFLINHPAYSQKAGRLVWPTYTGKIHQIDLSSGDAKFLPAVEALTEAERADGWRPGGWQQVAYHRALDRIYLLVDQRDEWRHKTASRFLVVLDAKTGERLAKFEMGHEIDSINVSQDEKPLLYALSTGDKTLYIHDAESGEELRSVNQLGHGPQVITTADMGTDPRAKWVPQDNDIQACDYWRHCSIDGNICDCSGGSLTNCPPGTKLATASVASCYNPTDGQSYLIAYRDCCGYNVSGRCPCLNTEGELPVYRPEFANDIIWCFGAEDDAMTYHCTISPIVGKAS,DKATIPSESPFAAAEVADGAIVVDIAKMKYETPELHVKVGDTVTWINREAMPHNVHFVAGVLGEAALKGPMMKKEQAYSLTFTEAGTYDYHCTPHPFMRGKVVVE,7eeb1a17f12a10b5,784cbe6d8ecfdd45,,,-7.4,-7.8,ES,0.41,1461
2NYZ,AB,D,benchmarks/downloads/kastritis_81/cleaned/2NYZ_AB.pdb,742,61,HSSGVSTQSVDLSQIKRGDEIQAHCLTPAETEVTECAGILKDVLSKNLHELQGLCNVKNKMGVPWVSVEELGQEIITGRLPFPSVGGTPVNDLVRVLVVAESNTPEETPEEEFYAYVELQTELYTFGLSDDNVVFTSDYMTVWMIDIPKSYVDVGMLTRATFLEQWPGAKVTVMIPYSSTFTWCGELGAISEESAPQPSLSARSPVCKNSARYSTSKFCEVDGCTAETGMEKMSLLTPFGGPPQQAKMNTCPCYYKYSVSPLPAMDHLILADLAGLDSLTSPVYVMAAYFDSTHENPVRPSSKLYHCALQMTSHDGVWTSTSSEQCPIRLVEGQSQNVLQVRVAPTSMPNLVGVSLMLEGQQYRLEYFGDHHSSGVSTQSVDLSQIKRGDEIQAHCLTPAETEVTECAGILKDVLSKNLHELQGLCNVKNKMGVPWVSVEELGQEIITGRLPFPSVGGTPVNDLVRVLVVAESNTPEETPEEEFYAYVELQTELYTFGLSDDNVVFTSDYMTVWMIDIPKSYVDVGMLTRATFLEQWPGAKVTVMIPYSSTFTWCGELGAISEESAPQPSLSARSPVCKNSARYSTSKFCEVDGCTAETGMEKMSLLTPFGGPPQQAKMNTCPCYYKYSVSPLPAMDHLILADLAGLDSLTSPVYVMAAYFDSTHENPVRPSSKLYHCALQMTSHDGVWTSTSSEQCPIRLVEGQSQNVLQVRVAPTSMPNLVGVSLMLEGQQYRLEYFGDH,DKRTCVSLTTQRLPVSRIKTYTITEGSLRAVIFITKRGLKVCADPQATWVRDVVRSMDRKS,592e8469211d95e7,01d5094636df90fe,,,-12.7,-12.7,OR,2.09,2160
2OOB,A,B,benchmarks/downloads/kastritis_81/cleaned/2OOB_AB.pdb,44,72,LENVDAKIAKLMGEGYAFEEVKRALEIAQNNVEVARSILREFAF,MQIFVKTLTGKTITLEVEPSDTIENVKAKIQDKEGIPPDQQRLIFAGKQLEDGRTLSDYNIQKESTLHLVLR,7d2747501fbc62b8,f80637236ecf7f46,,,-5.7,-6.2,ES,0.85,808
2PCB,A,B,benchmarks/downloads/kastritis_81/cleaned/2PCB_AB.pdb,294,104,TTPLVHVASVEKGRSYEDFQKVYNAIALKLREDDEYDNYIGYGPVLVRLAWHISGTWDKHDNTGGSYGGTYRFKKEFNDPSNAGLQNGFKFLEPIHKEFPWISSGDLFSLGGVTAVQEMQGPKIPWRCGRVDTPEDTTPDNGRLPDADKDAGYVRTFFQRLNMNDREVVALMGAHALGKTHLKNSGYEGPWGAANNVFTNEFYLNLLNEDWKLEKNDANNEQWDSKSGYMMLPTDYSLIQDPKYLSIVKEYANDQDKFFKDFSKAFEKLLENGITFPKDAPSPFIFKTLEEQGL,GDVEKGKKIFVQKCAQCHTVEKGGKHKTGPNLHGLFGRKTGQAPGFTYTDANKNKGITWKEETLMEYLENPKKYIPGTKMIFAGIKKKTEREDLIAYLKKATNE,c4a5bab1e4ab5888,e8665b5ad8005888,,,-6.8,-7.4,NC,0.45,1029
2PCC,A,B,benchmarks/downloads/kastritis_81/cleaned/2PCC_AB.pdb,294,108,TTPLVHVASVEKGRSYEDFQKVYNAIALKLREDDEYDNYIGYGPVLVRLAWHISGTWDKHDNTGGSYGGTYRFKKEFNDPSNAGLQNGFKFLEPIHKEFPWISSGDLFSLGGVTAVQEMQGPKIPWRCGRVDTPEDTTPDNGRLPDADKDAGYVRTFFQRLNMNDREVVALMGAHALGKTHLKNSGYEGPWGAANNVFTNEFYLNLLNEDWKLEKNDANNEQWDSKSGYMMLPTDYSLIQDPKYLSIVKEYANDQDKFFKDFSKAFEKLLENGITFPKDAPSPFIFKTLEEQGL,TEFKAGSAKKGATLFKTRCLQCHTVEKGGPHKVGPNLHGIFGRHSGQAEGYSYTDANIKKNVLWDENNMSEYLTNPKKYIPGTKMAFGGLKKEKDRNDLITYLKKACE,c4a5bab1e4ab5888,d2e1b051cf7cb0e4,,,-7.9,-8.1,ES,0.39,1141
2TGP,Z,I,benchmarks/downloads/kastritis_81/cleaned/2TGP_AB.pdb,223,58,IVGGYTCGANTVPYQVSLNSGYHFCGGSLINSQWVVSAAHCYKSGIQVRLGEDNINVVEGNEQFISASKSIVHPSYNSNTLNNDIMLIKLKSAASLNSRVASISLPTSCASAGTQCLISGWGNTKSSGTSYPDVLKCLKAPILSDSSCKSAYPGQITSNMFCAGYLEGGKDSCQGDSGGPVVCSGKLQGIVSWGSGCAQKNKPGVYTKVCNYVSWIKQTIASN,RPDFCLEPPYTGPCKARIIRYFYNAKAGLCQTFVYGGCRAKRNNFKSAEDCMRTCGGA,fef138107d090c59,70b8ee8cfe717fd0,,,-7.5,-12.3,NC,0.57,1432
2VIR,AB,C,benchmarks/downloads/kastritis_81/cleaned/2VIR_AB.pdb,431,267,QAVVTQESALTTSPGETVTLTCRSSTGAVTTSNYANWVQEKPDHLFTGLIGGTNNRAPGVPARFSGSLIGDKAALTITGAQTEDEAIYFCALWYSNHWVFGGGTKLTVLGQPKSSPSVTLFPPSSEELETNKATLVCTITDFYPGVVTVDWKVDGTPVTQGMETTQPSKQSNNKYMASSYLTLTARAWERHSSYSCQVTHEGHTVEKSLSQVQLKESGPGLVAPSQSLSITCTVSGFLLISNGVHWVRQPPGKGLEWLGVIWAGGNTNYNSALMSRVSISKDNSKSQVFLKMKSLQTDDTAMYYCARDFYDYDVFYYAMDYWGQGTSVTVSSAKTTPPSVYPLAPGSAAQTNSMVTLGCLVKGYFPEPVTVTWNSGSLSSGVHTFPAVLQSDLYTLSSSVTVPSSTWPSETVTCNVAHPASSTKVDKKIVP,VQSSSTGKICNNPHRILDGIDCTLIDALLGDPHCDVFQDETWDLFVERSKAFSNCYPYDVPDYASLRSLVASSGTLEFITEGFTWTGVTQNGGSNACKRGPGSGFFSRLNWLTKSGSTYPVLDVTMPNNDNFDKLYIWGIHHPSTNQEQTSLYVQASGRVTVSTRRSQQTIIPNIGSRPWVRGLSSRISIYWTIVKPGDVLVINSNGNLIAPRGYFKMRTGKSSIMRSDAPIDTCISECITPDGSIPNDKPFQNVNKITYGACPKYV,9ec61f29759b2a1a,c9db176057d430dc,,,-12.3,-10.9,A,0.8,1263
2VIS,AB,C,benchmarks/downloads/kastritis_81/cleaned/2VIS_AB.pdb,431,267,QAVVTQESALTTSPGETVTLTCRSSTGAVTTSNYANWVQEKPDHLFTGLIGGTNNRAPGVPARFSGSLIGDKAALTITGAQTEDEAIYFCALWYSNHWVFGGGTKLTVLGQPKSSPSVTLFPPSSEELETNKATLVCTITDFYPGVVTVDWKVDGTPVTQGMETTQPSKQSNNKYMASSYLTLTARAWERHSSYSCQVTHEGHTVEKSLSQVQLKESGPGLVAPSQSLSITCTVSGFLLISNGVHWVRQPPGKGLEWLGVIWAGGNTNYNSALMSRVSISKDNSKSQVFLKMKSLQTDDTAMYYCARDFYDYDVFYYAMDYWGQGTSVTVSSAKTTPPSVYPLAPGSAAQTNSMVTLGCLVKGYFPEPVTVTWNSGSLSSGVHTFPAVLQSDLYTLSSSVTVPSSTWPSETVTCNVAHPASSTKVDKKIVP,VQSSSTGKICNNPHRILDGIDCTLIDALLGDPHCDVFQNETWDLFVERSKAFSNCYPYDVPDYASLRSLVASSGTLEFITEGFTWTGVIQNGGSNACKRGPGSGFFSRLNWLTKSGSTYPVLNVTMPNNDNFDKLYIWGIHHPSTNQEQTSLYVQASGRVTVSTRRSQQTIIPNIGSRPWVRGLSSRISIYWTIVKPGDVLVINSNGNLIAPRGYFKMRTGKSSIMRSDAPIDTCISECITPNGSIPNDKPFQNVNKITYGACPKYV,9ec61f29759b2a1a,00d46c891f6385a2,,,-7.4,-11.0,NC,0.8,1296
2WPT,A,B,benchmarks/downloads/kastritis_81/cleaned/2WPT_AB.pdb,82,113,KHSISDYTEAEFLEFVKKIARAEGATECDDNKLVREFERLTEHPDGSDLIYYPRDDREDSPEGIVKEIKEWRAANGKSGFKQ,PGKATGKGKPVGDKWLDDAGKDSGAPIPDRIADKLRDKEFKSFDDFRKAVWEEVSKDPELSKNLNPSNKSSVSKGYSPFTPKNQQVGCRKVYELHHDKGEVYDMDNIRVTTPK,adefbee20fc86beb,f1684acefdedfad1,,,-10.7,-11.9,NC,1.61,1581
3BZD,A,B,benchmarks/downloads/kastritis_81/cleaned/3BZD_AB.pdb,109,234,AAVTQSPRNKVAVTGEKVTLSCQQTNNHNNMYWYRQDTGHGLRLIHYSYGAGSTEKGDIPDGYKASRPSQEQFSLILESATPSQTSVYFCASGGGGTLYFGAGTRLSVL,SQPDPMPDDLHKSSEFTGTMGNMKYLYDDHYVSATKVKSVDKFLAHDLIYNISDKKLKNYDKVKTELLNEDLAKKYKDEVVDVYGSNYYVNCYFSSKDNVWWHGKTCMYGGITKHEGNHFDNGNLQNVLVRVYENKRNTISFEVQTDKKSVTAQELDIKARNFLINKKNLYEFNSSPYETGYIKFIENNGNTFWYDMMPAPGDKFDQSKYLMMYNDNKTVDSKSVKIEVHLTTK,0ecbfaa60adf2f66,a23e6b17cc0d5b84,,,-9.6,-9.4,OX,1.08,1312
3CPH,G,A,benchmarks/downloads/kastritis_81/cleaned/3CPH_AB.pdb,441,175,TIDTDYDVIVLGTGITECILSGLLSVDGKKVLHIDKQDHYGGEAASVTLSQLYEKFKQNPISKEERESKFGKDRDWNVDLIPKFLMANGELTNILIHTDVTRYVDFKQVSGSYVFKQGKIYKVPANEIEAISSPLMGIFEKRRMKKFLEWISSYKEDDLSTHQGLDLDKNTMDEVYYKFGLGNSTKEFIGHAMALWTNDDYLQQPARPSFERILLYCQSVARYGKSPYLYPMYGLGELPQGFARLSAIYGGTYMLDTPIDEVLYKKDTGKFEGVKTKLGTFKAPLVIADPTYFPEKCKSTGQRVIRAICILNHPVPNTSNADSLQIIIPQSQLGRKSDIYVAIVSDAHNVCSKGHYLAIISTIIETDKPHIELEPAFKLLGPIEEKFMGIAELFEPREDGSKDNIYLSRSYDASSHFESMTDDVKDIYFRVTGHPLVLKQR,IMKILLIGDSGVGKSCLLVRFVEDKFNPSFITTIGIDFKIKTVDINGKKVKLQLWDTAGQERFRTITTAYYRGAMGIILVYDVTDERTFTNIKQWFKTVNEHANDEAQLLLVGNKSDMETRVVTADQGEALAKELGIPFIESSAKNDDNVNEIFFTLAKLIQEKIDSNKLVGVGN,1c0d7870ee1e1e94,9bc86c3e4e29a3ad,,,-8.8,-9.3,OG,2.12,1685
3SGB,E,I,benchmarks/downloads/kastritis_81/cleaned/3SGB_AB.pdb,185,50,ISGGDAIYSSTGRCSLGFNVRSGSTYYFLTAGHCTDGATTWWANSARTTVLGTTSGSSFPNNDYGIVRYTNTTIPKDGTVGGQDITSAANATVGMAVTRRGSTTGTHSGSVTALNATVNYGGGDVVYGMIRTNVCAEPGDSGGPLYSGTRAIGLTSGGSGNCSSGGTTFFQPVTEALVAYGVSVY,DCSEYPKPACTLEYRPLCGSDNKTYGNKCNFCNAVVESNGTLTLSHFGKC,67750f50c700fe6f,4e20c588dca44d1f,,,-14.5,-13.1,EI,0.36,1268
4CPA,A,I,benchmarks/downloads/kastritis_81/cleaned/4CPA_AB.pdb,307,36,ARSTNTFNYATYHTLDEIYDFMDLLVAQHPELVSKLQIGRSYEGRPIYVLKFSTGGSNRPAIWIDLGIHSREWITQATGVWFAKKFTENYGQNPSFTAILDSMDIFLEIVTNPNGFAFTHSENRLWRKTRSVTSSSLCVGVDANRNWDAGFGKAGASSSPCSETYHGKYANSEVEVKSIVDFVKNHGNFKAFLSIHSYSQLLLYPYGYTTQSIPDKTELNQVAKSAVAALKSLYGTSYKYGSIITTIYQASGGSIDWSYNQGIKYSFTFELRDTGRYGFLLPASQIIPTAQETWLGVLTIMEHTVNN,HADPICNKPCKTHDDCSGAWFCQACWNSARTCGPYV,787d441b07c107b6,c02b6304f9678ed8,,,-11.3,-10.1,EI,1.52,1177
